Вершина,Зависимое,Лемма вершины,Лемма зависимого,Форма вершины,Форма зависимого,Отношение,Гиперонимы вершины,Гиперонимы зависимого,HSWV,GSWV,Ярлык
1,сын,партнера,сын,партнер,Ncmsny,,KIN-SOC,,,родственник_S,агент_S,
2,вице-премьер,правительства,вице-премьер,правительство,Nsmsny,Ncnsgn,MB,,,агент_S,организация_S,
3,представитель,президента,представитель,президент,Ncmsny,Ncmsgy,KIN-SOC,,,деятель_S,деятель_S,
4,президента,рф,президент,рф,Ncmsgy,Ncfsgn,MB,,,деятель_S,агент_S,
5,оргaнизации,форума,оргaнизация,форум,Ncfsdn,Ncmsgn,OB,,,родственник_S,организация_S,
6,заместитель,главы,заместитель,глава,Ncmsny,Ncmsgy,KIN-SOC,,,агент_S,агент_S,
7,главы,администрации,глава,администрация,Ncmsgy,Ncfsgn,MB,,,агент_S,учреждение_S,
8,администрации,президента,администрация,президент,Ncfsgn,Ncmsgy,MB,,,учреждение_S,деятель_S,
9,руководитель,отделения,руководитель,отделение,Ncmsny,Ncnsgn,MB,,,организация_S,учреждение_S,
10,профессор,биофизики,профессор,биофизик,Ncmsny,Ncfsgn,ATR,,,деятель_S,деятель_S,
11,отеделения,рентгенологии,отеделение,рентгенология,Ncnsgn,Ncfsgn,ATR,,,родственник_S,организация_S,
12,отец,малыша,отец,малыш,Ncmsny,Ncmsgy,KIN-SOC,,,родственник_S,человек_S,
13,адвокат,дьявола,адвокат,дьявол,Ncmsny,Ncmsgy,KIN-SOC,,,агент_S,агент_S,
14,директор,"""би-би-си""",директор,би-би-си,Ncmsny,Ncfsnn,MB,,,учреждение_S,агент_S,
15,похищении,экспедитора,похищение,экспедитор,Ncnsln,Ncmsay,OB,,,агент_S,агент_S,
16,экспедитора,компании,экспедитор,компания,Ncmsay,Ncfsgn,MB,,,агент_S,группа_S,
17,обязанности,тренера,обязанность,тренер,Ncfpan,Ncmsgy,ATR,,,учреждение_S,деятель_S,
18,директор,клуба,директор,клуб,Ncmsny,Ncmsgn,MB,,,учреждение_S,организация_S,
19,вещи,отца,вещь,отец,Ncfpan,Ncmsgy,POS,,,предмет_S,родственник_S,
20,некорректность,высказываний,некорректность,высказывание,Ncfsnn,Ncpgn,PAR,,,предмет_S,действие_S,
21,женой,офицера,жена,офицер,Ncfsiy,Ncmsgy,KIN-SOC,,,родственник_S,агент_S,
22,подробности,задержания,подробность,задержание,Ncfpan,Ncnsgn,ATR,,,предмет_S,агент_S,
23,обозреватель,"""кп""",обозреватель,кп,Ncmsny,Ncmsnn,MB,,,деятель_S,группа_S,
24,друг,человека,друг,человек,Ncmsny,Ncmsgy,KIN-SOC,,,родственник_S,человек_S,
25,поручению,губернатора,поручение,губернатор,Ncnsdn,Ncmsgy,SAG,,,агент_S,родственник_S,
26,подбором,площадок,подбор,площадка,Ncnsin,Ncfpgn,OB,,,группа_S,группа_S,
27,зампред,правительства,зампред,правительство,Ncmsny,Ncmsgn,MB,,,организация_S,организация_S,
28,рекомендациям,комиссии,рекомендация,комиссия,Ncfpdn,Ncfsgn,SAG,,,организация_S,учреждение_S,
29,приходом,тренера,приход,тренер,Ncmsin,Ncmsgn,SAG,,,действие_S,деятель_S,
30,советник,председателя,советник,председатель,Ncmsny,Ncmsgy,KIN-SOC,,,агент_S,учреждение_S,
31,председателя,комитета,председатель,комитет,Ncmsgy,Ncmsgn,MB,,,учреждение_S,организация_S,
32,друг,ребенка,друг,ребенок,Ncmsny,Ncmsgy,KIN-SOC,,,родственник_S,родственник_S,
33,добыча,омуля,добыча,омуль,Ncfsnn,Ncmsgy,OB,,,агент_S,учреждение_S,
34,помощник,руководителя,помощник,руководитель,Ncmsny,Ncmsgy,KIN-SOC,,,агент_S,организация_S,
35,жалобы,приморцев,жалоба,приморец,Ncfpan,Ncmpgy,SAG,,,родственник_S,человек_S,
36,действия,команды,действие,команда,Ncfpan,Ncfsgy,SAG,,,действие_S,группа_S,
37,его,популярности,он,популярность,P-----a,Ncfsgn,PAR,,,родственник_S,деятель_S,
38,владельца,стадиона,владелец,стадион,Ncmsgy,Ncmsgn,POS,,,родственник_S,организация_S,
39,моей,деятельности,мой,деятельность,P-----a,Ncfsgn,SAG,,,родственник_S,действие_S,
40,телефонов,граждан,телефон,гражданин,Ncmpgn,Ncmpgy,POS,,,родственник_S,человек_S,
41,моей,работе,мой,работа,P-----a,Ncfsln,SAG,,,родственник_S,организация_S,
42,оценки,работы,оценка,работа,Ncfsgn,Ncfsgn,OB,,,организация_S,организация_S,
43,фамилии,присутствующих,фамилия,присутствующий,Ncfsgn,Afpmpgf,POS,,,родственник_S,предмет_S,
44,адвокат,сержанта,адвокат,сержант,Ncmsny,Ncmsgy,KIN-SOC,,,агент_S,агент_S,
45,власть,землевладельца,власть,землевладелец,Ncfsnn,Ncmsgy,SAG,,,учреждение_S,родственник_S,
46,разрешения,хозяина,разрешение,хозяин,Ncnsgn,Ncmsgy,SAG,,,учреждение_S,человек_S,
47,содержание,архиерея,содержание,архиерей,Ncnsan,Ncmsgy,OB,,,свойство_S,деятель_S,
48,наша,ставка,наш,ставка,P-snfna,Ncfsnn,POS,,,родственник_S,группа_S,
49,своими,войсками,свой,войско,P---pia,Ncnpin,POS,,,родственник_S,агент_S,
50,кресло,главы,кресло,глава,Ncnsan,Ncmsgy,POS,,,предмет_S,агент_S,
51,главы,района,глава,район,Ncmsgy,Ncmsgn,MB,,,агент_S,группа_S,
52,проведения,агитации,проведение,агитация,Ncnsgn,Ncfsgn,OB,,,организация_S,организация_S,
53,журналист,телеканала,журналист,телеканал,Ncmsny,Ncmsgy,MB,,,деятель_S,деятель_S,
54,встречу,начальника,встреча,начальник,Ncfsan,Ncmsgy,SAG,,,действие_S,агент_S,
55,начальника,отдела,начальник,отдел,Ncmsgy,Ncmsgn,MB,,,агент_S,учреждение_S,
56,отдела,прокуратуры,отдел,прокуратура,Ncmsgn,Ncfsgn,WH,,,учреждение_S,агент_S,
57,съемках,программы,съемка,программа,Ncfpln,Ncfsgn,OB,,,действие_S,организация_S,
58,преследования,гражданина,преследование,гражданин,Ncnsgn,Ncmsgy,OB,,,действие_S,человек_S,
59,обнаружения,имущества,обнаружение,имущество,Ncnsgn,Ncnsgn,OB,,,действие_S,учреждение_S,
60,партнер,компании,партнер,компания,Ncmsny,Ncfsgn,KIN-SOC,,,агент_S,группа_S,
61,объяснения,редактора,объяснение,редактор,Ncnsgn,Ncmsgy,SAG,,,действие_S,деятель_S,
62,промах,редакции,промах,редакция,Ncmsnn,Ncfsgn,SAG,,,действие_S,группа_S,
63,исполнителей,злодеяния,исполнитель,злодеяние,Ncmpgy,Ncfsgn,OB',,,человек_S,действие_S,
64,кара,аллаха,кара,аллах,Ncfsnn,Ncmsgy,SAG,,,действие_S,человек_S,
65,накопления,человека,накопление,человек,Ncnpnn,Ncmsgy,POS,,,свойство_S,человек_S,
66,заседании,комиссии,заседание,комиссия,Ncnsln,Ncfsgn,SAG,,,учреждение_S,учреждение_S,
67,комиссии,области,комиссия,область,Ncfsgn,Ncfsgn,ATR,,,учреждение_S,предмет_S,
68,заместитель,комиссара,заместитель,комиссар,Ncmsny,Ncmsgy,KIN-SOC,,,агент_S,агент_S,
69,комиссара,области,комиссар,область,Ncmsgy,Ncfsgn,MB,,,агент_S,предмет_S,
70,начальник,отдела,начальник,отдел,Ncmsny,Ncmsgn,MB,,,агент_S,учреждение_S,
71,отдела,призыва,отдел,призыв,Ncmsgn,Ncmsgn,WH,,,учреждение_S,действие_S,
72,утверждение,президента,утверждение,президент,Ncnsan,Ncmsgy,SAG,,,действие_S,деятель_S,
73,состав,правительства,состав,правительство,Ncmsan,Ncnsgn,PAR,,,группа_S,организация_S,
74,листы,директора,лист,директор,Ncmpan,Ncmsgy,POS,,,свойство_S,учреждение_S,
75,место,афганистана,место,афганистан,Ncnsan,Npmsgn,POS,,,предмет_S,действие_S,
76,родственник,вице-премьера,родственник,вице-премьер,Ncmsny,Ncmsgy,KIN-SOC,,,родственник_S,агент_S,
77,экранизацией,произведений,экранизация,произведение,Ncfsin,Ncnpgn,OB,,,действие_S,предмет_S,
78,племянник,чародея,племянник,чародей,Ncmsny,Ncmsgy,KIN-SOC,,,родственник_S,агент_S,
79,платежи,покупателя,платеж,покупатель,Ncmpan,Ncmsgy,SAG,,,учреждение_S,человек_S,
80,представителя,племени,представитель,племя,Ncmsgy,Ncnsgn,MB,,,деятель_S,группа_S,
81,особенности,охоты,особенность,охота,Ncfpnn,Ncfsgn,PAR,,,свойство_S,действие_S,
82,поиск,донора,поиск,донор,Ncmsan,Ncmsgy,OB,,,действие_S,человек_S,
83,опеку,парня,опека,парень,Ncfsan,Ncmsgy,SAG,,,учреждение_S,человек_S,
84,отец,живописца,отец,живописец,Ncmsny,Ncmsgy,KIN-SOC,,,родственник_S,деятель_S,
85,консолидация,усилий,консолидация,усилие,Ncfsnn,Ncnpgn,OB,,,организация_S,действие_S,
86,работа,групп,работа,группа,Ncfsnn,Ncfpgn,SAG,,,организация_S,группа_S,
87,строительство,домов,строительство,дом,Ncnsnn,Ncmpgn,OB,,,организация_S,родственник_S,
88,заместитель,председателя,заместитель,председатель,Ncmsny,Ncmsgy,KIN-SOC,,,агент_S,учреждение_S,
89,председателя,правительства,председатель,правительство,Ncmsgy,Ncnsgn,MB,,,учреждение_S,организация_S,
90,директором,департамента,директор,департамент,Ncmsiy,Ncmsgn,MB,,,учреждение_S,агент_S,
91,департамента,мчс,департамент,мчс,Ncmsgn,Ncnsgn,WH,,,агент_S,организация_S,
92,управления,защиты,управление,защита,Nsnsgn,Nsfsgn,OB,,,учреждение_S,организация_S,
93,защиты,информации,защита,информация,Nsfsgn,Ncfsgn,OB,,,организация_S,агент_S,
94,обеспечения,безопасности,обеспечение,безопасность,Nsnsgn,Ncfsgn,OB,,,организация_S,организация_S,
95,безопасности,работ,безопасность,работа,Ncfsgn,Ncfpgn,PAR,,,организация_S,организация_S,
96,работ,ведомства,работа,ведомство,Ncfpgn,Ncnsgn,SAG,,,организация_S,учреждение_S,
97,подписание,соглашения,подписание,соглашение,Ncnsnn,Ncnsgn,OB,,,действие_S,агент_S,
98,глава,мид,глава,мид,Ncmsny,Ncnsgn,MB,,,агент_S,агент_S,
99,президенте,рф,президент,рф,Ncmsly,Ncfsgn,MB,,,деятель_S,агент_S,
100,вдова,артиста,вдова,артист,Ncfsnn,Ncmsgy,KIN-SOC,,,родственник_S,деятель_S,
101,состояние,его,состояние,он,Ncnsan,P-3msan,PAR,,,свойство_S,родственник_S,
102,тяжесть,течения,тяжесть,течение,Ncnsan,Ncnsgn,PAR,,,свойство_S,действие_S,
103,течения,заболевания,течение,заболевание,Ncnsgn,Ncnsgn,PAR,,,действие_S,свойство_S,
104,мужем,людмилы,муж,людмила,Ncmsiy,Npfsgy,KIN-SOC,,,родственник_S,учреждение_S,
105,отбор,автомобилей,отбор,автомобиль,Ncmsan,Ncmpgn,OB,,,свойство_S,агент_S,
106,имени,производителей,имя,производитель,Ncnsgn,Ncmpgy,POS,,,деятель_S,деятель_S,
107,папа,первоклассника,папа,первоклассник,Ncmsny,Nsmcgy,KIN-SOC,,,родственник_S,предмет_S,
108,ворот,соперника,ворота,соперник,Ncmpgn,Ncmsgy,POS,,,группа_S,родственник_S,
109,лидер,боевиков,лидер,боевик,Ncmsny,Ncmpgy,MB,,,деятель_S,агент_S,
110,гибели,садиста,гибель,садист,Ncfsgn,Ncmsgy,SPA,,,родственник_S,агент_S,
111,здоровье,человека,здоровье,человек,Ncnsan,Ncmsgy,PAR,,,свойство_S,человек_S,
112,мама,чемпиона,мама,чемпион,Ncfsny,Ncmsgy,KIN-SOC,,,родственник_S,деятель_S,
113,учеником,города,ученик,город,Ncmsiy,Ncmsgn,MB,,,человек_S,родственник_S,
114,приятель,героя,приятель,герой,Ncmsny,Ncmsgy,KIN-SOC,,,родственник_S,человек_S,
115,возбуждение,дела,возбуждение,дело,Ncnsan,Ncnsgn,OB,,,действие_S,предмет_S,
116,соучастник,побега,соучастник,побег,Ncmsny,Ncmsgn,SAG,,,агент_S,действие_S,
117,норме,площади,норма,площадь,Ncnsdn,Ncfsgn,ATR,,,организация_S,группа_S,
118,родители,собственника,родитель,собственник,Ncmpny,Ncmsgy,KIN-SOC,,,родственник_S,человек_S,
119,неисполнение,требований,неисполнение,требование,Ncnsan,Ncnpgn,OB,,,действие_S,действие_S,
120,благосклонностью,вора,благосклонность,вор,Ncfsin,Ncmsgy,PAR,,,свойство_S,агент_S,
121,офис,агенства,офис,агенство,Ncmsan,Ncfsgn,POS,,,агент_S,агент_S,
122,заключение,договора,заключение,договор,Ncnsnn,Ncmsgn,OB,,,учреждение_S,организация_S,
123,город,проживания,город,проживание,Ncmsan,Ncnsgn,ATR,,,родственник_S,действие_S,
124,место,работы,место,работа,Ncnsan,Ncfsgn,ATR,,,предмет_S,организация_S,
125,знак,одобрения,знак,одобрение,Ncmsan,Ncnsgn,ATR,,,предмет_S,деятель_S,
126,одобрения,слов,одобрение,слово,Ncnsgn,Ncnpgn,OB,,,деятель_S,человек_S,
127,пресс-секретарь,главы,пресс-секретарь,глава,Ncmsgy,Ncmsgy,KIN-SOC,,,агент_S,агент_S,
128,главы,правительства,глава,правительство,Ncmsgy,Ncnsgn,MB,,,агент_S,организация_S,
129,время,программы,время,программа,Ncnsan,Ncnsgn,ATR,,,родственник_S,организация_S,
130,сын,наследника,сын,наследник,Ncmsny,Ncmsgy,KIN-SOC,,,родственник_S,родственник_S,
131,наследника,престола,наследник,престол,Ncmsgy,Ncmsgn,ATR,,,родственник_S,деятель_S,
132,строительства,дворца,строительство,дворец,Ncnsgn,Ncmsgn,OB,,,организация_S,учреждение_S,
133,установлении,навязывания,установление,навязывание,Ncnsin,Ncnsgn,OB,,,организация_S,действие_S,
134,невыгодность,условия,невыгодность,условие,Ncfsnn,Ncnsgn,PAR,,,предмет_S,свойство_S,
135,вице-президент,центра,вице-президент,центр,Ncfsnn,Ncnsgn,PAR,,,деятель_S,учреждение_S,
136,центра,технологий,центр,технология,Ncmsny,Ncmsgn,MB,,,учреждение_S,свойство_S,
137,помиловании,михаила,помилование,михаил,Ncnsln,Npmsgy,ATR,,,учреждение_S,деятель_S,
138,правления,медведева,правление,медведев,Ncnsln,Npmsgy,OB,,,организация_S,деятель_S,
139,срока,правления,срок,правление,Ncmsgn,Ncmsgy,SAG,,,группа_S,организация_S,
140,пагубности,застоя,пагубность,застой,Ncfsgn,Ncnsgn,ATR,,,действие_S,деятель_S,
141,пользе,образования,польза,образование,Ncfsgn,Ncmsgn,PAR,,,действие_S,учреждение_S,
142,наступления,кризиса,наступление,кризис,Ncnsgn,Ncmsgn,PAR,,,действие_S,деятель_S,
143,проведении,политики,проведение,политика,Ncnsgln,Ncfsgn,OB,,,организация_S,деятель_S,
144,благах,роста,благо,рост,Ncfsnn,Ncmpgy,PAR,,,предмет_S,группа_S,
145,полпред,президента,полпред,президент,Ncmsny,Ncmsgy,KIN-SOC,,,агент_S,деятель_S,
146,президента,рф,президент,рф,Ncmsgy,Ncfsgn,MB,,,деятель_S,агент_S,
147,характеристику,развития,характеристика,развитие,Ncfsdn,Ncnsgn,PAR,,,свойство_S,организация_S,
148,развития,комплекса,развитие,комплекс,Ncnsgn,Ncmsgn,SPA,,,организация_S,организация_S,
149,церемонии,вручения,церемония,вручение,Ncfsln,Ncnsgn,ATR,,,учреждение_S,агент_S,
150,вручения,премий,вручение,премия,Ncnsgn,Ncfpgn,OB,,,агент_S,деятель_S,
151,заместитель,председателя,заместитель,председатель,Ncmsny,Ncmsgy,KIN-SOC,,,агент_S,учреждение_S,
152,председателя,правительства,председатель,правительство,Ncmsgy,Ncnsgn,MB,,,учреждение_S,организация_S,
153,министр,экономики,министр,экономика,Ncmsny,Ncfsgn,ATR,,,агент_S,учреждение_S,
154,министр,образования,министр,образование,Ncmsny,Ncnsgn,ATR,,,агент_S,учреждение_S,
155,ректор,университета,ректор,университет,Ncmsny,Ncmsgn,MB,,,учреждение_S,учреждение_S,
156,поклонники,булкагова,поклонник,булкагов,Ncmpny,Npmsgy,KIN-SOC,,,родственник_S,родственник_S,
157,убийство,журавля,убийство,журавль,Ncnsan,Ncmsgy,OB,,,действие_S,человек_S,
158,действия,водителя,действие,водитель,Ncnpan,Ncmsgy,SAG,,,действие_S,человек_S,
159,особенностей,подростка,особенность,подросток,Ncfsgn,Ncmsgy,PAR,,,свойство_S,человек_S,
160,машине,помощи,машина,помощь,Ncfsln,Ncfsgn,ATR,,,действие_S,действие_S,
161,враг,врага,враг,враг,Ncmsny,Ncmsgy,KIN-SOC,,,агент_S,агент_S,
162,премьер,рф,премьер,рф,Ncmsny,Ncfsgn,MB,,,агент_S,агент_S,
163,увольнения,чиновников,увольнение,чиновник,Ncnsgn,Ncmpgy,OB,,,действие_S,агент_S,
164,брат,форварда,брат,форвард,Ncmsny,Ncmsgy,KIN-SOC,,,родственник_S,группа_S,
165,покровитель,ваенги,покровитель,ваенга,Ncmsny,Npfsgy,KIN-SOC,,,родственник_S,группа_S,
166,состояние,мэра,состояние,мэр,Ncnsnn,Ncmsgy,PAR,,,свойство_S,родственник_S,
167,задержании,его,задержание,он,Ncnsln,P-3msgy,OB,,,агент_S,родственник_S,
168,материалам,комиссии,материал,комиссия,Ncmpdn,Ncfsgn,POS,,,предмет_S,учреждение_S,
169,реакцию,пассажира,реакция,пассажир,Ncfsan,Ncmsgy,SAG,,,действие_S,человек_S,
170,дверь,кабинета,дверь,кабинет,Ncfsan,Ncmsgn,WH,,,человек_S,группа_S,
171,кабинета,начальника,кабинет,начальник,Ncmsgn,Ncmsgy,POS,,,группа_S,агент_S,
172,образа,полковника,образ,полковник,Ncmsgn,Npmsgy,PAR,,,свойство_S,агент_S,
173,вопросы,неравенста,вопрос,неравенст,Ncmpnn,Ncnsgn,ATR,,,предмет_S,родственник_S,
174,пример,человека,пример,человек,Ncmsnn,Ncmsgy,ATR,,,предмет_S,человек_S,
175,возведением,недвижимости,возведение,недвижимость,Ncnsin,Ncfsgn,OB,,,организация_S,агент_S,
176,восстановление,сектора,восстановление,сектор,Ncnsan,Ncmsgn,OB,,,организация_S,организация_S,
177,доме,ребенка,дом,ребенок,Ncmsln,Ncmsgy,ATR,,,родственник_S,родственник_S,
178,труд,врача,труд,врач,Ncmsnn,Ncmsgy,SAG,,,предмет_S,агент_S,
179,супруга,чемпиона,супруг,чемпион,Ncfsny,Ncmsgy,KIN-SOC,,,родственник_S,деятель_S,
180,член,комитета,член,комитет,Ncmsny,Ncmsgn,MB,,,учреждение_S,организация_S,
181,здоровья,человека,здоровье,человек,Ncnsgn,Ncmsgy,PAR,,,свойство_S,человек_S,
182,распространении,клеветы,распространение,клевета,Ncnsgn,Ncfsgn,OB,,,организация_S,агент_S,
183,шафером,принца,шафер,принц,Ncmsiy,Ncmsgy,KIN-SOC,,,родственник_S,родственник_S,
184,юрист,партии,юрист,партия,Ncmsny,Ncfsgn,MB,,,деятель_S,группа_S,
185,реализации,проекта,реализация,проект,Ncfsgn,Ncmsgn,OB,,,действие_S,организация_S,
186,проекта,национализации,проект,национализация,Ncmsgn,Ncfsgn,ATR,,,организация_S,организация_S,
187,вопрос,увеличения,вопрос,увеличение,Ncmsan,Ncnsgn,ATR,,,предмет_S,действие_S,
188,увеличения,размера,увеличение,размер,Ncnsgn,Ncmsgn,OB,,,действие_S,свойство_S,
189,размера,выплаты,размер,выплата,Ncmsgn,Ncfsgn,PAR,,,свойство_S,действие_S,
190,заместитель,министра,заместитель,министр,Ncmsny,Ncmsgy,KIN-SOC,,,агент_S,агент_S,
191,переселение,объектов,переселение,объект,Ncnsan,Ncmpgn,OB,,,действие_S,предмет_S,
192,объектов,назначения,объект,назначение,Ncmpgn,Ncnsgn,PAR,,,предмет_S,учреждение_S,
193,решение,задач,решение,задача,Ncnsan,Ncfpgn,OB,,,действие_S,предмет_S,
194,развитие,туризма,развитие,туризм,Ncnsan,Ncmsgn,SPA,,,организация_S,организация_S,
195,министра,развития,министр,развитие,Ncmsgy,Ncnsgn,ATR,,,агент_S,организация_S,
196,качествами,руководителя,качество,руководитель,Ncnpin,Ncmsgy,PAR,,,свойство_S,организация_S,
197,глава,государства,глава,государство,Ncmsny,Ncnsgn,MB,,,агент_S,организация_S,
198,идею,неравенста,идея,неравенст,Ncfsan,Ncnsgn,ATR,,,организация_S,родственник_S,
199,портрету,мздоимца,портрет,мздоимец,Ncmsdn,Ncmsgy,OB',,,родственник_S,агент_S,
200,комбинат,хлебопродуктов,комбинат,хлебопродукт,Ncmsnn,Ncmpgn,ATR,,,учреждение_S,учреждение_S,
201,отставки,премьера,отставка,премьера,Ncfsgn,Ncmsgy,OB,,,агент_S,деятель_S,
202,бог,сна,бог,сон,Ncmsny,Ncmsgn,ATR,,,человек_S,предмет_S,
203,вирус,герпеса,вирус,герпес,Ncmsnn,Ncmsgn,ATR,,,свойство_S,человек_S,
204,клетку,человека,клетка,человек,Ncfsan,Ncmsgy,WH,,,человек_S,человек_S,
205,ассистент,балетмейстера,ассистент,балетмейстер,Ncmsny,Ncmsgy,KIN-SOC,,,агент_S,деятель_S,
206,балетмейстера,театра,балетмейстер,театр,Ncmsgy,Ncmsgn,MB,,,деятель_S,деятель_S,
207,театра,комедии,театр,комедия,Ncmsgn,Ncfsgn,ATR,,,деятель_S,деятель_S,
208,права,владелицы,право,владелица,Ncnpan,Ncfsgy,POS,,,свойство_S,родственник_S,
209,владелицы,авто,владелица,авто,Ncfsgy,Ncnsgn,POS,,,родственник_S,предмет_S,
210,характеры,принца,характер,принц,Ncmpan,Ncmsgy,PAR,,,свойство_S,родственник_S,
211,подготовке,статьи,подготовка,статья,Ncfskn,Ncfsgn,OB,,,организация_S,деятель_S,
212,реформе,хозяйства,реформа,хозяйство,Ncfsln,Ncnsgn,OB,,,действие_S,организация_S,
213,участием,лыжника,участие,лыжник,Ncnsin,Ncmsgy,SAG,,,организация_S,человек_S,
214,хозяйства,области,хозяйство,область,Ncnsgn,Ncfsgn,POS,,,организация_S,предмет_S,
215,сын,олигарха,сын,олигарх,Ncmsny,Ncmsgy,KIN-SOC,,,родственник_S,деятель_S,
216,восстание,рабов,восстание,раб,Ncnsan,Ncmpgy,SAG,,,организация_S,человек_S,
217,руководством,спартака,руководство,спартак,Ncnsin,Npmsgy,SAG,,,организация_S,организация_S,
218,репутацию,человека,репутация,человек,Ncfsan,Ncmsgy,ATR,,,организация_S,человек_S,
219,совращении,жрицы-весталки,совращение,жрица-весталка,Ncnsln,Ncfsgy,OB,,,действие_S,родственник_S,
220,покупке,участка,покупка,участок,Ncfsln,Ncmsgn,OB,,,родственник_S,группа_S,
221,защитой,капитана,защита,капитан,Ncfsin,Ncmsgy,OB,,,организация_S,агент_S,
222,мастерство,актера,мастерство,актер,Ncnsnn,Ncmsgy,PAR,,,свойство_S,человек_S,
223,снимки,стороны,снимка,сторона,Ncmpnn,Ncfsgn,OB',,,действие_S,группа_S,
224,стороны,луны,сторона,луна,Ncfsgn,Ncfsgn,WH,,,группа_S,человек_S,
225,полет,женщины,полет,женщина,Ncmsnn,Ncmsgy,SAG,,,действие_S,человек_S,
226,выход,человека,выход,человек,Ncmsnn,Ncmsgy,SAG,,,действие_S,человек_S,
227,должность,шеф-повара,должность,шеф-повар,Ncfsan,Ncmsgy,ATR,,,учреждение_S,деятель_S,
228,условиям,конкурса,условие,конкурс,Ncnpdn,Ncmsgn,PAR,,,свойство_S,организация_S,
229,прохождении,конкурса,прохождение,конкурс,Ncnsln,Ncmsgn,OB,,,действие_S,организация_S,
230,подельники,вора,подельник,вор,Ncmpny,Ncmsgy,KIN-SOC,,,родственник_S,агент_S,
231,открытость,частей,открытость,часть,Ncfsnn,Ncfpgn,PAR,,,свойство_S,группа_S,
232,член,совета,член,совет,Ncmsny,Ncmsgn,MB,,,учреждение_S,организация_S,
233,президенте,рф,президент,рф,Ncmsly,Ncfsgn,MB,,,деятель_S,агент_S,
234,институтов,общества,институт,общество,Ncmpgn,Ncnsgn,ATR,,,учреждение_S,организация_S,
235,правам,человека,право,человек,Ncnpdn,Ncmsgy,ATR,,,свойство_S,человек_S,
236,защитник,отечества,защитник,отечество,Ncmsny,Ncnsgn,OB,,,деятель_S,человек_S,
237,план,работы,план,работа,Ncmsan,Ncfsgn,ATR,,,группа_S,организация_S,
238,профессор,кафедры,профессор,кафедра,Ncmsny,Ncfsgn,MB,,,деятель_S,предмет_S,
239,кафедры,физиологии,кафедра,физиология,Ncfsgn,Ncfsgn,ATR,,,предмет_S,свойство_S,
240,физиологии,человека,физиология,человек,Ncfsgn,Ncmsgy,PAR,,,свойство_S,человек_S,
241,кафедры,факультета,кафедра,факультет,Ncfsgn,Ncmsgn,WH,,,предмет_S,группа_S,
242,факультета,мгу,факультет,мгу,Ncmsgn,Ncmsgn,WH,,,группа_S,группа_S,
243,величины,лотов,величина,лотовый,Ncfsgn,Ncmpgn,PAR,,,свойство_S,родственник_S,
244,идею,отмены,идея,отмена,Ncfsan,Ncfsgn,ATR,,,организация_S,действие_S,
245,отмены,выборов,отмена,выбор,Ncfsgn,Ncmpgn,OB,,,действие_S,действие_S,
246,выборов,мэра,выбор,мэр,Ncmpgn,Ncmsgy,OB,,,действие_S,родственник_S,
247,мэра,владивостока,мэр,владивосток,Ncmsgy,Npmsgn,MB,,,родственник_S,родственник_S,
248,пикетом,протеста,пикет,протест,Ncmsin,Ncmsgn,ATR,,,группа_S,действие_S,
249,здания,думы,здание,дума,Ncnsgn,Ncfsgn,ATR,,,учреждение_S,деятель_S,
250,степень,лояльности,степень,лояльность,Ncfsnn,Ncfsgn,PAR,,,свойство_S,деятель_S,
251,лояльности,арендодателя,лояльность,арендодатель,Ncfsgn,Ncmsgy,PAR,,,деятель_S,агент_S,
252,собственник,бизнес-центра,собственник,бизнес-центр,Ncmsny,Ncmsgn,POS,,,человек_S,учреждение_S,
253,права,расторжения,право,расторжение,Ncnsgn,Ncnsgn,ATR,,,свойство_S,действие_S,
254,регистрации,ребенка,регистрация,ребенок,Ncfsln,Ncmsgy,OB,,,учреждение_S,родственник_S,
255,органах,загса,орган,загс,Ncmpln,Ncmsgn,WH,,,учреждение_S,учреждение_S,
256,получение,квартиры,получение,квартира,Ncnsan,Ncfsgn,OB,,,организация_S,родственник_S,
257,губернатор,края,губернатор,край,Ncmsny,Ncmsgn,MB,,,родственник_S,родственник_S,
258,посещение,красноярска,посещение,красноярск,Ncnsnn,Ncmsgn,OB,,,родственник_S,родственник_S,
259,пресс-секретарь,премьера,пресс-секретарь,премьера,Ncmsny,Ncmsgy,KIN-SOC,,,агент_S,деятель_S,
260,гендиректор,агенства,гендиректор,агенство,Ncmsny,Ncnsgn,MB,,,организация_S,агент_S,
261,агенства,недвижимости,агенство,недвижимость,Ncnsgn,Ncfsgn,ATR,,,агент_S,агент_S,
262,возведением,стен,возведение,стена,Ncnsin,Ncfpgn,OB,,,организация_S,предмет_S,
263,историю,семьи,история,семья,Ncfsan,Ncfsgn,ATR,,,деятель_S,родственник_S,
264,срезе,войны,срез,война,Ncmsln,Ncfsgn,WH,,,свойство_S,действие_S,
265,родителей,парня,родитель,парень,Ncmpay,Ncmsgy,KIN-SOC,,,родственник_S,человек_S,
266,комитет,нацбезопасности,комитет,нацбезопасность,Ncmsan,Ncfsgn,ATR,,,организация_S,учреждение_S,
267,отказ,москвы,отказ,москва,Ncmsnn,Ncfsgn,SAG,,,действие_S,родственник_S,
268,отставку,максюты,отставка,максюта,Ncfsan,Npmsgy,OB,,,агент_S,родственник_S,
269,поста,члена,пост,член,Ncmsgn,Ncmsgy,ATR,,,учреждение_S,учреждение_S,
270,члена,совета,член,совет,Ncmsgy,Ncmsgn,MB,,,учреждение_S,организация_S,
271,партии,зюганова,партия,зюганов,Ncfsln,Npmsgy,MB,,,группа_S,родственник_S,
272,список,кпрф,список,кпрф,Ncmsan,Ncfsgn,ATR,,,группа_S,группа_S,
273,пол,ребенка,половина,ребенок,Ncmsan,Ncmsgy,PAR,,,группа_S,родственник_S,
274,возрастом,женщины,возраст,женщина,Ncmsin,Ncfsgy,PAR,,,человек_S,человек_S,
275,место,происшествия,место,происшествие,Ncnsan,Ncnsgn,ATR,,,предмет_S,предмет_S,
276,заместитель,прокурора,заместитель,прокурор,Ncmsny,Ncmsgy,KIN-SOC,,,агент_S,агент_S,
277,прокурора,рф,прокурор,рф,Ncmsgy,Ncfsgn,MB,,,агент_S,агент_S,
278,зависимость,художника,зависимость,художник,Ncfsnn,Ncmsgy,ATR,,,свойство_S,деятель_S,
279,развития,капитализма,развитие,капитализм,Ncnsgn,Ncmsgn,SPA,,,организация_S,деятель_S,
280,роста,класса,рост,класс,Ncmsgn,Ncmsgn,SPA,,,группа_S,группа_S,
281,класса,буржуазии,класс,буржуазия,Ncmsgn,Ncfsgn,ATR,,,группа_S,организация_S,
282,глава,государства,глава,государство,Ncmsny,Ncnsgn,MB,,,агент_S,организация_S,
283,уровень,конкуренции,уровень,конкуренция,Ncmsan,Ncfsgn,PAR,,,учреждение_S,человек_S,
284,роль,наблюдателя,роль,наблюдатель,Ncfsnn,Ncmsgy,ATR,,,деятель_S,агент_S,
285,совершенствование,эффективности,совершенствование,эффективность,Ncnsan,Ncfsgn,OB,,,организация_S,организация_S,
286,эффективности,работы,эффективность,работа,Ncfsgn,Ncfsgn,PAR,,,организация_S,организация_S,
287,работы,гэс,работа,гэс,Ncfsgn,Ncfsgn,SAG,,,организация_S,организация_S,
288,отдела,развития,отдел,развитие,Ncmsgn,Ncnsgn,ATR,,,учреждение_S,организация_S,
289,специалист,отдела,специалист,отдел,Ncmsny,Ncmsgn,MB,,,человек_S,учреждение_S,
290,обладатель,кубка,обладатель,кубок,Ncmsny,Ncmsgn,POS,,,предмет_S,деятель_S,
291,выборе,эмитента,выбор,эмитент,Ncmsln,Ncmsgy,OB,,,действие_S,агент_S,
292,продолжительность,периода,продолжительность,период,Ncfsan,Ncmsgn,PAR,,,группа_S,группа_S,
293,чувство,неловкости,чувство,неловкость,Ncnsnn,Ncfsgn,ATR,,,свойство_S,предмет_S,
294,достижение,короля,достижение,король,Ncnsnn,Ncmsgy,SAG,,,деятель_S,агент_S,
295,джип,маршала,джип,маршал,Ncmsnn,Ncmsgy,POS,,,агент_S,агент_S,
296,удаления,полузащитника,удаление,полузащитник,Ncnsgn,Ncmsgn,OB,,,действие_S,группа_S,
297,правоту,решения,правота,решение,Ncfsan,Ncnsgn,PAR,,,свойство_S,действие_S,
298,тренер,фк,тренер,фк,Ncmsny,Ncfsnn,OB',,,деятель_S,родственник_S,
299,регулирование,тарифов,регулирование,тариф,Ncnsnn,Ncmpgn,OB,,,организация_S,учреждение_S,
300,компетенции,властей,компетенция,власть,Ncfsdn,Ncfpgn,PAR,,,учреждение_S,учреждение_S,
301,моделирование,ситуации,моделирование,ситуация,Ncnsnn,Ncfsgn,OB,,,свойство_S,действие_S,
302,ситуации,перехода,ситуация,переход,Ncfsgn,Ncmsgn,ATR,,,действие_S,действие_S,
303,методом,гипокинезии,метод,гипокинезия,Ncmsin,Ncfsgn,ATR,,,свойство_S,действие_S,
304,программе,исследований,программа,исследование,Ncfsdn,Ncnpgn,ATR,,,организация_S,свойство_S,
305,реализации,устройств,реализация,устройство,Ncfsln,Ncnpgn,OB,,,действие_S,организация_S,
306,целью,использования,цель,использование,Ncfsin,Ncnsgn,ATR,,,предмет_S,действие_S,
307,мать,ученого,мать,ученый,Ncfsny,Ncmsgy,KIN-SOC,,,родственник_S,деятель_S,
308,нужды,человека,нужда,человек,Ncfpnn,Ncmsgy,SPA,,,учреждение_S,человек_S,
309,удовлетворения,потребности,удовлетворение,потребность,Ncnsgn,Ncfsgn,OB,,,предмет_S,свойство_S,
310,проводник,помощи,проводник,помощь,Ncmsny,Ncfsgn,OB',,,агент_S,действие_S,
311,измены,мужа,измена,муж,Ncfsgn,Ncmsgy,SAG,,,родственник_S,родственник_S,
312,почве,измены,почва,измена,Ncfsln,Ncfsgn,ATR,,,предмет_S,родственник_S,
313,использование,материалов,использование,материал,Ncnsan,Ncmpgn,OB,,,действие_S,предмет_S,
314,нарушение,процедуры,нарушение,процедура,Ncnsnn,Ncfsgn,OB,,,действие_S,учреждение_S,
315,процедуры,проведения,процедура,проведение,Ncfsgn,Ncnsgn,ATR,,,учреждение_S,организация_S,
316,проведения,егэ,проведение,егэ,Ncnsgn,Ncmsgn,OB,,,организация_S,предмет_S,
317,способностях,психолога,способность,психолог,Ncfpln,Ncmsgy,ATR,,,свойство_S,деятель_S,
318,остатки,мира,остаток,мир,Ncmpan,Ncmsgn,WH,,,свойство_S,предмет_S,
319,духе,оперы,дух,опера,Ncmsln,Ncfsgn,ATR,,,свойство_S,деятель_S,
320,продвижение,продукта,продвижение,продукт,Ncnsan,Ncmsgn,OB,,,действие_S,предмет_S,
321,протекция,супруги,протекция,супруга,Ncfsnn,Ncfsgy,SAG,,,агент_S,родственник_S,
322,супруги,главы,супруга,глава,Ncfsnn,Ncmsgy,KIN-SOC,,,родственник_S,агент_S,
323,главы,государства,глава,государство,Ncmsgy,Ncnsgn,MB,,,агент_S,организация_S,
324,причиной,награждения,причина,награждение,Ncfsin,Ncnsgn,ATR,,,предмет_S,деятель_S,
325,награждения,михайлова,награждение,михайлов,Ncnsgn,Npmsgy,OB,,,деятель_S,родственник_S,
326,развития,образования,развитие,образование,Ncnsgn,Ncnsgn,SPA,,,организация_S,учреждение_S,
327,повышения,престижа,повышение,престиж,Ncnsgn,Ncmsgn,SPA,,,организация_S,организация_S,
328,престижа,профессии,престиж,профессия,Ncmsgn,Ncfsgn,PAR,,,организация_S,предмет_S,
329,изгнанию,дьявола,изгнание,дьявол,Ncnsdn,Ncmsgy,OB,,,деятель_S,агент_S,
330,вес,ведра,вес,ведро,Ncmsnn,Ncnsgn,PAR,,,свойство_S,человек_S,
331,сайте,бизнесмена,сайт,бизнесмен,Ncmsln,Ncmsgy,POS,,,агент_S,деятель_S,
332,манера,поведения,манер,поведение,Ncfsnn,Ncnsgn,ATR,,,агент_S,действие_S,
333,поведения,саркози,поведение,саркози,Ncnsgn,Npmsny,SAG,,,действие_S,родственник_S,
334,происхождением,главы,происхождение,глава,Ncnsin,Ncmsgy,SPA,,,свойство_S,агент_S,
335,главы,государства,глава,государство,Ncmsgy,Ncnsgn,MB,,,агент_S,организация_S,
336,типу,наблюдения,тип,наблюдение,Ncmsdn,Ncnsgn,PAR,,,свойство_S,предмет_S,
337,назначения,лечения,назначение,лечение,Ncnsgn,Ncnsgn,OB,,,учреждение_S,действие_S,
338,объема,информации,объем,информация,Ncmsgn,Ncfsgn,PAR,,,свойство_S,агент_S,
339,коллеги,вдовца,коллега,вдовец,Nccpny,Ncmsgy,KIN-SOC,,,родственник_S,родственник_S,
340,графики,ремонта,графика,ремонт,Ncmpan,Ncmsgn,ATR,,,предмет_S,учреждение_S,
341,ремонта,оборудования,ремонт,оборудование,Ncmsgn,Ncnsgn,OB,,,учреждение_S,организация_S,
342,перетоки,мощностей,переток,мощность,Ncfsgn,Ncfpgn,SPA,,,действие_S,свойство_S,
343,недостатке,мощности,недостаток,мощность,Ncmsln,Ncfsgn,SPA,,,свойство_S,свойство_S,
344,способ,наказания,способ,наказание,Ncmsan,Ncnsgn,ATR,,,предмет_S,действие_S,
345,наказания,человека,наказание,человек,Ncnsgn,Ncmsgy,OB,,,действие_S,человек_S,
346,постели,больного,постель,больной,Ncfsgn,Ncmsgy,POS,,,деятель_S,человек_S,
347,эксперта,центра,эксперт,центр,Ncmsgy,Ncmsgn,MB,,,агент_S,учреждение_S,
348,представитель,администрации,представитель,администрация,Ncmsnny,Ncfsgn,MB,,,деятель_S,учреждение_S,
349,администрации,президента,администрация,президент,Ncfsgn,Ncmsgy,MB,,,учреждение_S,деятель_S,
350,президента,рф,президент,рф,Ncmsgy,Npfsgn,MB,,,деятель_S,агент_S,
351,принятия,указа,принятие,указ,Ncfsgn,Ncmsgn,OB,,,действие_S,учреждение_S,
352,недостатки,оказания,недостаток,оказание,Ncmpnn,Ncmpnn,PAR,,,свойство_S,организация_S,
353,оказания,медпомощи,оказание,медпомощь,Ncnsgn,Ncfsgn,OB,,,организация_S,учреждение_S,
354,палату,терапии,палата,терапия,Ncfsan,Ncfsgn,ATR,,,учреждение_S,действие_S,
355,защиты,мозга,защита,мозг,Ncfsgn,Ncmsgn,OB,,,организация_S,свойство_S,
356,часть,вычета,часть,вычет,Ncfsan,Ncmsgn,WH,,,группа_S,агент_S,
357,долю,ребенка,доля,ребенок,Ncfsan,Ncmsgy,POS,,,группа_S,родственник_S,
358,выработку,кислоты,выработка,кислота,Ncfsan,Ncfsgn,OB,,,действие_S,свойство_S,
359,сферу,отношений,сфера,отношение,Ncfsan,Ncnpgn,ATR,,,организация_S,свойство_S,
360,репутацию,администратора,репутация,администратор,Ncfsan,Ncmsgy,ATR,,,организация_S,агент_S,
361,опыт,работы,опыт,работа,Ncmsan,Ncfsgn,ATR,,,свойство_S,организация_S,
362,собственников,компании,собственник,компания,Ncmpgy,Ncfsgn,POS,,,человек_S,группа_S,
363,представитель,президента,представитель,президент,Ncmsny,Ncmsgy,KIN-SOC,,,деятель_S,деятель_S,
364,рейтинг,медиаактивности,рейтинг,медиаактивность,Ncmsan,Ncfsgn,ATR,,,группа_S,родственник_S,
365,адвокат,летчика,адвокат,летчик,Ncmsny,Ncmsgy,KIN-SOC,,,агент_S,агент_S,
366,оглашения,приговора,оглашение,приговор,Ncnsgn,Ncmsgn,OB,,,действие_S,учреждение_S,
367,заседании,коллегии,заседание,коллегия,Ncnsln,Ncfsgn,SAG,,,учреждение_S,организация_S,
368,коллегии,рыболовства,коллегия,рыболовство,Ncfsgn,Ncnsgn,ATR,,,организация_S,предмет_S,
369,заместитель,председателя,заместитель,председатель,Ncmsny,Ncmsgn,KIN-SOC,,,агент_S,учреждение_S,
370,председателя,правительства,председатель,правительство,Ncmsgy,Ncnsgn,MB,,,учреждение_S,организация_S,
371,проблемам,рынка,проблема,рынок,Ncfpdn,Ncnsgn,ATR,,,предмет_S,агент_S,
372,рынка,продукции,рынок,продукция,Ncmsgn,Ncfsgn,ATR,,,агент_S,предмет_S,
373,грех,родителей,грех,родитель,Ncmsan,Ncmpgy,SAG,,,человек_S,родственник_S,
374,первенца,адама,первенец,адам,Ncmsgy,Npmsgy,KIN-SOC,,,родственник_S,человек_S,
375,вопросам,обеспечения,вопрос,обеспечение,Ncmpdn,Ncnsgn,ATR,,,предмет_S,организация_S,
376,обеспечения,безопасности,обеспечение,безопасность,Ncnsgn,Ncfsgn,OB,,,организация_S,организация_S,
377,возбудителя,колебаний,возбудитель,колебание,Ncmsgy,Ncnpgn,OB',,,свойство_S,действие_S,
378,воспитанник,тренера,воспитанник,тренер,Ncmsny,Ncmsgy,OB',,,учреждение_S,деятель_S,
379,арест,основателя,арест,основатель,Ncmsan,Ncmsgy,OB,,,родственник_S,деятель_S,
380,основателя,wikileaks,основатель,wikileaks,Ncmsgy,Npfsgn,OB',,,деятель_S,родственник_S,
381,изнасиловании,шведок,изнасилование,шведка,Ncnsln,Ncfpgy,OB,,,действие_S,человек_S,
382,коэффициент,конверсии,коэффициент,конверсия,Ncmsnn,Ncfsgn,PAR,,,свойство_S,действие_S,
383,цена,контакта,цена,контакт,Ncfsnn,Ncmsgn,PAR,,,предмет_S,группа_S,
384,стоимость,привлечения,стоимость,привлечение,Ncfsnn,Ncnsgn,PAR,,,предмет_S,организация_S,
385,совладелец,sms media,совладелец,sms media,Ncmsny,Npfsgn,POS,,,агент_S,родственник_S,
386,привлечения,клиента,привлечение,клиент,Ncfsgn,Ncmsgy,OB,,,организация_S,агент_S,
387,инициаторами,поправок,инициатор,поправка,Ncmpiy,Ncfpgn,OB',,,организация_S,действие_S,
388,участника,совета,участник,совет,Ncmsgy,Ncmsgn,MB,,,организация_S,организация_S,
389,профилактики,законодательства,профилактика,законодательство,Ncfsgn,Ncnsgn,OB,,,организация_S,организация_S,
390,категориям,граждан,категория,гражданин,Ncfpdn,Ncmpgy,PAR,,,группа_S,человек_S,
391,назначении,сенатора,назначение,сенатор,Ncnsgn,Ncmsgy,OB,,,учреждение_S,родственник_S,
392,рассмотрение,собрания,рассмотрение,собрание,Ncnsan,Ncnsgn,SAG,,,действие_S,организация_S,
393,проект,бюджета,проект,бюджет,Ncnsan,Ncmsgn,ATR,,,организация_S,учреждение_S,
394,ведущего,церемонии,ведущий,церемония,Ncmsan,Ncfsgn,OB',,,группа_S,учреждение_S,
395,церемонии,бракосочетания,церемония,бракосочетание,Ncfsgn,Ncnsgn,ATR,,,учреждение_S,деятель_S,
396,минуты,молчания,минута,молчание,Ncfsgn,Ncnsgn,ATR,,,человек_S,свойство_S,
397,брата,убийцы,брат,убийца,Ncmsgn,Nccsgy,KIN-SOC,,,родственник_S,агент_S,
398,количество,зрителей,количество,зритель,Ncnsnn,Ncmpgy,PAR,,,группа_S,человек_S,
399,друг,борца,друг,борец,Ncmsny,Ncmsgy,KIN-SOC,,,родственник_S,деятель_S,
400,центр,подготовки,центр,подготовка,Ncnsan,Ncfsgn,ATR,,,учреждение_S,организация_S,
401,дочери,секретаря,дочь,секретарь,Ncfsln,Ncmsgy,KIN-SOC,,,родственник_S,агент_S,
402,секретаря,цк,секретарить,цк,Ncmsgy,Ncmsgn,MB,,,родственник_S,организация_S,
403,типов,сделок,тип,сделка,Ncmpgn,Ncfpgn,PAR,,,свойство_S,действие_S,
404,истории,агента,история,агент,Ncfsgn,Ncmsgy,ATR,,,деятель_S,агент_S,
405,типе,учителя,тип,учитель,Ncmsgn,Ncmsgy,PAR,,,свойство_S,родственник_S,
406,основатель,гимназии,основатель,гимназия,Ncmsny,Ncfsgn,OB',,,деятель_S,учреждение_S,
407,страхование,имущества,страхование,имущество,Ncnsan,Ncnsnn,OB,,,учреждение_S,учреждение_S,
408,заместитель,гендиректора,заместитель,гендиректор,Ncmsny,Ncmsgy,KIN-SOC,,,агент_S,организация_S,
409,помощник,прокурора,помощник,прокурор,Ncmsny,Ncmsgy,KIN-SOC,,,агент_S,агент_S,
410,методе,мошенничества,метод,мошенничество,Ncmsgn,Ncnsgn,ATR,,,свойство_S,действие_S,
411,оказании,услуг,оказание,услуга,Ncnsnn,Ncfpgn,OB,,,организация_S,учреждение_S,
412,перепродаже,лекарств,перепродажа,лекарство,Ncfsgn,Ncnpgn,OB,,,агент_S,предмет_S,
413,прорыве,блокады,прорыв,блокада,Ncmsln,Ncfsgn,OB,,,действие_S,агент_S,
414,блокады,ленинграда,блокада,ленинград,Ncfsgn,Npmsgn,OB,,,агент_S,родственник_S,
415,введении,ответственности,введение,ответственность,Ncnsln,Ncfsgn,OB,,,действие_S,действие_S,
416,перестройки,игры,перестройка,игра,Ncfsgn,Ncfsgn,OB,,,действие_S,действие_S,
417,органам,власти,орган,власть,Ncmpdn,Ncgsgn,WH,,,учреждение_S,учреждение_S,
418,момент,введения,момент,введение,Ncmsan,Ncnsgn,ATR,,,предмет_S,действие_S,
419,введения,системы,введение,система,Ncnsgn,Ncfsgn,OB,,,действие_S,учреждение_S,
420,системы,оплаты,система,оплата,Ncfsgn,Ncfsgn,ATR,,,учреждение_S,организация_S,
421,оплаты,труда,оплата,труд,Ncfsgn,Ncmsgn,OB,,,организация_S,предмет_S,
422,руководитель,театра,руководитель,театр,Ncmsny,Ncmsgn,OB',,,организация_S,деятель_S,
423,бразды,правления,бразда,правление,Ncfpan,Ncnsgn,ATR,,,учреждение_S,организация_S,
424,повышения,акциза,повышение,акциз,Ncnsgn,Ncmsgn,OB,,,организация_S,предмет_S,
425,создание,атмосферы,создание,атмосфера,Ncnsan,Ncfsgn,OB,,,организация_S,свойство_S,
426,изложение,пьесы,изложение,пьеса,Ncnsnn,Ncfsgn,OB,,,предмет_S,действие_S,
427,ощущение,наслаждения,ощущение,наслаждение,Ncnsan,Ncnsgn,ATR,,,свойство_S,предмет_S,
428,сопротивление,земляка,сопротивление,земляк,Ncnsan,Ncmsgn,SAG,,,действие_S,родственник_S,
429,переходом,россиянки,переход,россиянка,Ncmsin,Ncfsgy,SAG,,,действие_S,человек_S,
430,президента,федерации,президент,федерация,Ncmsgy,Ncfsgn,MB,,,деятель_S,организация_S,
431,отбор,идей,отбор,идея,Ncmsnn,Ncfpgn,OB,,,свойство_S,организация_S,
432,выделении,финансирования,выделение,финансирование,Ncnsgn,Ncnsgn,OB,,,действие_S,организация_S,
433,уборке,казарм,уборка,казарма,Ncfsln,Ncfpgn,OB,,,организация_S,учреждение_S,
434,часть,культуры,часть,культура,Ncfsan,Ncfsgn,WH,,,группа_S,деятель_S,
435,снятия,скакуна,снятие,скакун,Ncnsgn,Ncmsgy,OB,,,действие_S,человек_S,
436,схему,организации,схема,организация,Ncfsan,Ncfsgn,ATR,,,свойство_S,организация_S,
437,организации,работ,организация,работа,Ncfsgn,Ncfpgn,OB,,,организация_S,организация_S,
438,замещение,частей,замещение,часть,Ncnsan,Ncfpdn,OB,,,действие_S,группа_S,
439,частей,моста,часть,мост,Ncfpgn,Ncmsgn,WH,,,группа_S,деятель_S,
440,фоторобот,преступника,фоторобот,преступник,Ncmsan,Ncmsgy,OB',,,агент_S,агент_S,
441,проведение,пресс-конференции,проведение,пресс-конференция,Ncnsnn,Ncfsgn,OB,,,организация_S,агент_S,
442,магистр,ордена,магистр,орден,Ncmsny,Ncmsgy,MB,,,агент_S,агент_S,
443,милости,императора,милость,император,Ncfsdn,Ncmsgy,SAG,,,действие_S,родственник_S,
444,бегстве,президента,бегство,президент,Ncnsln,Ncmsgy,SAG,,,действие_S,деятель_S,
445,продажа,услуг,продажа,услуга,Ncfsnn,Ncfpgn,OB,,,агент_S,учреждение_S,
446,основа,деятельности,основа,деятельность,Ncfsnn,Ncfsgn,ATR,,,предмет_S,действие_S,
447,бабка,мальчика,бабка,мальчик,Ncfsny,Ncmsgy,KIN-SOC,,,родственник_S,человек_S,
448,стекло,окна,стекло,окно,Ncnsan,Ncnsgn,WH,,,предмет_S,предмет_S,
449,просмотр,видеозаписей,просмотр,видеозапись,Ncmsan,Ncfpgn,OB,,,организация_S,агент_S,
450,качества,обслуживания,качество,обслуживание,Ncnsgn,Ncnsgn,PAR,,,свойство_S,учреждение_S,
451,численность,беляка,численность,беляк,Ncfsnn,Ncmsgy,PAR,,,группа_S,организация_S,
452,ящике,стола,ящик,стол,Ncmsln,Ncmsgn,WH,,,предмет_S,группа_S,
453,вручение,пеликана,вручение,пеликан,Ncnsnn,Ncmsgy,OB,,,агент_S,человек_S,
454,зале,планетария,зал,планетарий,Ncmsln,Ncmsgn,WH,,,группа_S,учреждение_S,
455,дознаватель,овд,дознаватель,овд,Ncmsny,Ncmpgn,MB,,,агент_S,агент_S,
456,получения,показаний,получение,показание,Ncnsgn,Ncnpgn,OB,,,организация_S,агент_S,
457,помещении,овд,помещение,овд,Ncnsln,Ncmpgn,WH,,,учреждение_S,агент_S,
458,старания,парикмахера,старание,парикмахер,Ncnpan,Ncmsgy,SAG,,,действие_S,агент_S,
459,информированию,избирателей,информирование,избиратель,Ncnsdn,Ncmpgy,OB,,,группа_S,человек_S,
460,разрешению,споров,разрешение,споровый,Ncnsdn,Ncmpgn,OB,,,учреждение_S,родственник_S,
461,представителями,партий,представитель,партия,Ncmsiy,Ncfpgn,MB,,,деятель_S,группа_S,
462,служении,протоиерея,служение,протоиерей,Ncnsln,Ncmsgy,SAG,,,действие_S,родственник_S,
463,представлении,начальника,представление,начальник,Ncnsln,Ncmsgy,OB,,,свойство_S,агент_S,
464,вынесения,постановления,вынесение,постановление,Ncnsgn,Ncnsgn,OB,,,действие_S,учреждение_S,
465,употреблению,алкоголя,употребление,алкоголь,Ncnnsdn,Ncmsgn,OB,,,действие_S,предмет_S,
466,бога,медицины,бог,медицина,Ncmsgy,Ncfsgn,ATR,,,человек_S,учреждение_S,
467,руководитель,группы,руководитель,группа,Ncmsny,Ncfsgn,OB',,,организация_S,группа_S,
468,заместитель,прокурора,заместитель,прокурор,Ncmsny,Ncmsgy,KIN-SOC,,,агент_S,агент_S,
469,неподчинении,окружающих,неподчинение,окружающий,Ncnsln,Ncmpgy,SAG,,,действие_S,родственник_S,
470,сказочность,героя,сказочность,герой,Ncfsan,Ncmsgy,PAR,,,свойство_S,человек_S,
471,деятельности,органа,деятельность,орган,Ncnsln,Ncmsgn,SAG,,,действие_S,учреждение_S,
472,органа,самоуправления,орган,самоуправление,Ncmsgn,Ncfsgn,ATR,,,учреждение_S,организация_S,
473,показателей,эффективности,показатель,эффективность,Ncmpgn,Nccfsgn,PAR,,,свойство_S,организация_S,
474,эффективности,деятельности,эффективность,деятельность,Ncfsgn,Ncfsgn,PAR,,,организация_S,действие_S,
475,деятельности,руководителя,деятельность,руководитель,Ncfsgn,Ncmsgy,SAG,,,действие_S,организация_S,
476,корреспондент,"""коммерсанта""",корреспондент,коммерсант,Ncmsny,Ncmsgn,MB,,,агент_S,агент_S,
477,уровне,правительства,уровень,правительство,Ncmsgn,Ncnsgn,ATR,,,учреждение_S,организация_S,
478,поиском,инвестора,поиск,инвестор,Ncmsin,Ncmsgy,OB,,,действие_S,агент_S,
479,обороноспособность,государства,обороноспособность,государство,Ncnsan,Ncnsgn,PAR,,,организация_S,организация_S,
480,глубины,осмотра,глубина,осмотр,Ncfsgn,Ncmsgn,PAR,,,свойство_S,учреждение_S,
481,вратарь,сборной,вратарь,сборный,Ncmsny,Ncfsgn,MB,,,деятель_S,родственник_S,
482,игру,вратаря,игра,вратарь,Ncfsan,Ncmsgy,SAG,,,действие_S,деятель_S,
483,управления,роспотребнадзора,управление,роспотребнадзор,Ncnsgn,Ncmsgn,OB',,,учреждение_S,учреждение_S,
484,проверки,супермаркетов,проверка,супермаркет,Ncfpan,Ncmpgn,OB,,,организация_S,родственник_S,
485,содержании,йода,содержание,йод,Ncnsgn,Ncmsgn,PAR,,,свойство_S,родственник_S,
486,подвиг,земляка,подвиг,земляк,Ncmsan,Ncmsgy,SAG,,,действие_S,родственник_S,
487,награждению,победителей,награждение,победитель,Ncnsdn,Ncmpgy,OB,,,деятель_S,предмет_S,
488,агент,радулова,агент,радулов,Ncmsny,Npmsgy,KIN-SOC,,,агент_S,группа_S,
489,соперник,армейцев,соперник,армеец,Ncmsny,Ncmpgy,KIN-SOC,,,родственник_S,родственник_S,
490,командир,"""зубра""",командир,зубр,Ncmsny,Ncmsgn,MB,,,группа_S,деятель_S,
491,преимуществах,омона,преимущество,омон,Ncnpln,Ncmsgn,PAR,,,свойство_S,группа_S,
492,нанимателем,помещения,наниматель,помещение,Ncmsiy,Ncnsgn,OB',,,родственник_S,учреждение_S,
493,наймодателем,помещения,наймодатель,помещение,Ncmsiy,Ncnsgn,OB',,,учреждение_S,учреждение_S,
494,модернизации,гтс,модернизация,гтс,Ncfsln,Ncfsgn,OB,,,организация_S,родственник_S,
495,сопредседателя,партии,сопредседатель,партия,Ncmsgy,Ncfsgn,MB,,,организация_S,группа_S,
496,структуру,управления,структура,управление,Ncfsan,Ncnsgn,PAR,,,свойство_S,учреждение_S,
497,самоконтроле,режиссеров,самоконтроль,режиссер,Ncmsln,Ncmpgy,SAG,,,действие_S,деятель_S,
498,председателя,кгб,председатель,кгб,Ncmsgy,Ncmsgn,MB,,,учреждение_S,агент_S,
499,врач,певца,врач,певец,Ncmsny,Ncmsgy,OB',,,агент_S,деятель_S,
500,внучка,хана,внучка,хан,Ncfsny,Npmsgy,KIN-SOC,,,родственник_S,родственник_S,
501,использование,силы,использование,сила,Ncnsan,Ncfsgn,OB,,,действие_S,свойство_S,
502,открытость,работы,открытость,работа,Ncfsgn,Ncfsgn,PAR,,,свойство_S,организация_S,
503,реализацию,проекта,реализация,проект,Ncfsan,Ncmsgn,OB,,,действие_S,организация_S,
504,костюме,снегурочки,костюм,снегурочка,Ncmsln,Npfsgy,ATR,,,агент_S,предмет_S,
505,правоту,стороны,правота,сторона,Ncfsan,Ncfsgn,PAR,,,свойство_S,группа_S,
506,стоимость,путевки,стоимость,путевка,Ncfsnn,Ncfsgn,PAR,,,предмет_S,организация_S,
507,неисполнение,условий,неисполнение,условие,Ncnsan,Ncnpgn,OB,,,действие_S,свойство_S,
508,проведения,визита,проведение,визит,Ncnsgn,Ncmsgn,OB,,,организация_S,родственник_S,
509,куплей-продажей,земли,купля-продажа,земля,Ncfsin,Ncfsgn,OB,,,родственник_S,человек_S,
510,передаче,части,передача,часть,Ncfsgn,Ncfsgn,OB,,,действие_S,группа_S,
511,части,построек,часть,постройка,Ncfsgn,Ncfpgn,WH,,,группа_S,учреждение_S,
512,построек,ответчика,постройка,ответчик,Ncfpgn,Ncmsgy,POS,,,учреждение_S,агент_S,
513,холле,травмпункта,холл,травмпункт,Ncmsln,Ncmsgn,WH,,,группа_S,родственник_S,
514,проведения,сделок,проведение,сделка,Ncnsgn,Ncfpgn,OB,,,организация_S,действие_S,
515,лидер,меньшинства,лидер,меньшинство,Ncmsny,Ncnsgn,MB,,,деятель_S,группа_S,
516,решение,проблем,решение,проблема,Ncnsan,Ncfpgn,OB,,,действие_S,предмет_S,
517,размеры,пособий,размер,пособие,Ncmpnn,Ncnpgn,PAR,,,свойство_S,учреждение_S,
518,принятии,сотрудника,принятие,сотрудник,Ncnsgn,Ncmsgy,OB,,,действие_S,агент_S,
519,сроком,реализации,срок,реализация,Ncmsin,Ncfsgn,PAR,,,группа_S,действие_S,
520,хозяина,столовой,хозяин,столовая,Ncmsgy,Ncfsgn,POS,,,человек_S,учреждение_S,
521,сцене,центра,сцена,центр,Ncfsln,Ncmsgn,WH,,,предмет_S,учреждение_S,
522,поимки,преступника,поимка,преступник,Ncfsgn,Ncmsgy,OB,,,агент_S,агент_S,
523,кидании,гранат,кидание,гранат,Ncnsln,Ncfpgn,OB,,,предмет_S,действие_S,
524,восприятие,пациента,восприятие,пациент,Ncnsan,Ncmsgy,PAR,,,свойство_S,человек_S,
525,характер,недуга,характер,недуг,Ncmsan,Ncmsgy,PAR,,,свойство_S,свойство_S,
526,преемник,зоолога,преемник,зоолог,Ncmsny,Ncmsgy,KIN-SOC,,,деятель_S,деятель_S,
527,основатель,науки,основатель,наука,Ncmsny,Ncfsgy,OB',,,деятель_S,деятель_S,
528,выступление,лыжников,выступление,лыжник,Ncnsnn,Ncmpgy,SAG,,,действие_S,человек_S,
529,министра,спорта,министр,спорт,Ncmsgy,Ncmsgn,ATR,,,агент_S,деятель_S,
530,сестра,человека,сестра,человек,Ncfsny,Ncmsgy,KIN-SOC,,,родственник_S,человек_S,
531,телом,души,тело,душа,Ncfsin,Ncmsgy,PAR,,,предмет_S,человек_S,
532,брат,пушкина,брат,пушкин,Ncmsny,Npmsgy,KIN-SOC,,,родственник_S,родственник_S,
533,уход,крутикова,уход,крутиков,Ncmsan,Ncmsgy,SAG,,,родственник_S,группа_S,
534,командир,экипажа,командир,экипаж,Ncmsny,Ncmsgn,MB,,,группа_S,группа_S,
535,введении,ценза,введение,ценз,Ncnsln,Ncmsgn,OB,,,действие_S,учреждение_S,
536,количество,участников,количество,участник,Ncnsan,Ncmpgy,PAR,,,группа_S,организация_S,
537,числа,операторов,число,оператор,Ncnsgn,Ncmpgy,PAR,,,группа_S,агент_S,
538,сокращения,числа,сокращение,число,Ncnsgn,Ncnsgn,OB,,,действие_S,группа_S,
539,наведения,порядка,наведение,порядок,Ncnsgn,Ncmsgn,OB,,,действие_S,организация_S,
540,сборе,подписей,сбор,подпись,Ncmsln,Ncfpgn,OB,,,организация_S,предмет_S,
541,ведения,боя,ведение,бой,Ncnsgn,Ncmsgn,OB,,,организация_S,действие_S,
542,потере,времени,потеря,время,Ncfsln,Ncnsgn,OB,,,родственник_S,родственник_S,
543,прекращение,насилия,прекращение,насилие,Ncnsnn,Ncnsgn,OB,,,действие_S,действие_S,
544,член,союза,член,союз,Ncmsny,Ncmsgn,MB,,,учреждение_S,организация_S,
545,ректор,академии,ректор,академия,Ncmsny,Ncfsgm,MB,,,учреждение_S,учреждение_S,
546,член-корреспондент,академии,член-корреспондент,академия,Ncmsny,Ncfsgm,MB,,,деятель_S,учреждение_S,
547,устроителя,лагерей,устроитель,лагерь,Ncmsay,Ncmpgn,OB,,,деятель_S,группа_S,
548,лаборатория,подрядчика,лаборатория,подрядчик,Ncfsnn,Ncmsgy,POS,,,учреждение_S,агент_S,
549,заседаниях,штаба,заседание,штаб,Ncnspln,Ncmsgn,SAG,,,учреждение_S,агент_S,
550,сооружению,перехода,сооружение,переход,Ncnsdn,Ncmsgn,OB,,,учреждение_S,действие_S,
551,строительство,конструктивов,строительство,конструктив,Ncnsnn,Ncmpgn,OB,,,организация_S,свойство_S,
552,конструктивов,объекта,конструктив,объект,Ncmpgn,Ncmsgn,WH,,,свойство_S,предмет_S,
553,участия,танка,участие,танк,Ncnsgn,Ncmsgn,SAG,,,организация_S,агент_S,
554,поддержку,владимира,поддержка,владимир,Ncnsan,Npmsgy,OB,,,организация_S,деятель_S,
555,внучка,художника,внучка,художник,Ncfsny,Ncmsgy,KIN-SOC,,,родственник_S,деятель_S,
556,поддержке,друзей,поддержка,друг,Ncfsln,ncmpgy,SAG,,,организация_S,родственник_S,
557,друзей,семьи,друг,семья,Ncmpgy,Ncfsgy,KIN-SOC,,,родственник_S,родственник_S,
558,член,центризбиркома,член,центризбирком,Ncmsny,Ncmsgn,MB,,,учреждение_S,организация_S,
559,выдвижение,явлинского,выдвижение,явлинский,Ncnsan,Npmsgy,OB,,,действие_S,организация_S,
560,симптомы,болезни,симптом,болезнь,Ncmpan,Ncfsgn,PAR,,,свойство_S,свойство_S,
561,цена,присоединения,цена,присоединение,Ncfsnn,Ncnsgn,PAR,,,предмет_S,действие_S,
562,предсказания,пузыря,предсказание,пузырь,Ncnpan,Ncmsgn,OB,,,свойство_S,учреждение_S,
563,преподаватель,немецкого,преподаватель,немецкий,Ncmsny,Ncmsgn,OB',,,предмет_S,родственник_S,
564,председатель,комиссии,председатель,комиссия,Ncmsny,Ncfsgn,MB,,,учреждение_S,учреждение_S,
565,основания,города,основание,город,Ncnsgn,Ncmsgn,OB,,,предмет_S,родственник_S,
566,визит,патриарха,визит,патриарх,Ncmsnn,Ncmsgy,SAG,,,родственник_S,родственник_S,
567,ремонт,дорог,ремонт,дорога,Ncmsan,Ncfpgn,OB,,,учреждение_S,предмет_S,
568,собственности,иркутска,собственность,иркутск,Ncfsgn,Ncmsgn,POS,,,учреждение_S,родственник_S,
569,председатель,центра,председатель,центр,Ncmsny,Ncmsgn,MB,,,учреждение_S,учреждение_S,
570,аналитик,центра,аналитик,центр,Ncmsny,Ncmsgn,MB,,,деятель_S,учреждение_S,
571,центра,исследований,центр,исследование,Ncmsgn,Ncnpgn,ATR,,,учреждение_S,свойство_S,
572,покорителя,вершин,покоритель,вершина,Ncmsny,Ncfsgn,OB,,,свойство_S,группа_S,
573,расширении,функций,расширение,функция,Ncnsgn,Ncfpgn,OB,,,действие_S,свойство_S,
574,функций,совета,функция,совет,Ncfpgn,Ncmsgn,PAR,,,свойство_S,организация_S,
575,жест,предшественника,жест,предшественник,Ncmsan,Ncmsgy,PAR,,,действие_S,деятель_S,
576,защиты,автомобилистов,защита,автомобилист,Ncfsgn,Ncmpgy,OB,,,организация_S,деятель_S,
577,участии,отца,участие,отец,Ncnsln,Ncmsgy,SAG,,,организация_S,родственник_S,
578,изъятию,ценностей,изъятие,ценность,Ncnsdn,Ncfpgn,OB,,,действие_S,свойство_S,
579,применения,коэффициента,применение,коэффициент,Ncnsgn,Ncmsgn,OB,,,действие_S,свойство_S,
580,объему,сжигания,объем,сжигание,Ncmsdn,Ncnsgn,PAR,,,свойство_S,действие_S,
581,сжигания,пнг,сжигание,пнг,Ncnsgn,Ncmsgn,OB,,,действие_S,родственник_S,
582,снятии,пассажира,снятие,пассажир,Ncnsln,Ncmsgy,OB,,,действие_S,человек_S,
583,прохождения,процедур,прохождение,процедура,Ncnsgn,Ncfpgn,OB,,,действие_S,учреждение_S,
584,сторонника,партии,сторонник,партия,Ncmsgy,Ncfsgn,MB,,,деятель_S,группа_S,
585,исполнении,полномочий,исполнение,полномочие,Ncnsln,Ncnpgn,OB,,,действие_S,учреждение_S,
586,укуса,клеща,укус,клещ,Ncmsgn,Ncmsgy,SAG,,,свойство_S,агент_S,
587,депутата,госдумы,депутат,госдума,Ncmsgy,Ncfsgn,MB,,,деятель_S,группа_S,
588,исполнением,законов,исполнение,закон,Ncnsin,Ncmpgn,OB,,,действие_S,свойство_S,
589,стенах,университета,стена,университет,Ncfpln,Ncmsgn,WH,,,предмет_S,учреждение_S,
590,путей,сообщения,путь,сообщение,Ncmpgn,Ncnsgn,ATR,,,действие_S,агент_S,
591,принятия,закона,принятие,закон,Ncnsgn,Ncmsgn,OB,,,действие_S,свойство_S,
592,разрешении,кризиса,разрешение,кризис,Ncnsln,Ncmsgn,OB,,,учреждение_S,деятель_S,
593,гендиректор,компании,гендиректор,компания,Ncmsny,Ncfsgn,MB,,,организация_S,группа_S,
594,качество,молока,качество,молоко,Ncnsan,Ncnsgn,PAR,,,свойство_S,учреждение_S,
595,рынка,молока,рынок,молоко,Ncmsgn,Ncnsgn,ATR,,,агент_S,учреждение_S,
596,количество,молока,количество,молоко,Ncnsnn,Ncnsgn,PAR,,,группа_S,учреждение_S,
597,заключения,контракта,заключение,контракт,Ncnsgn,Ncmsgm,OB,,,учреждение_S,агент_S,
598,период,заключения,период,заключение,Ncmsan,Ncfsgn,ATR,,,группа_S,учреждение_S,
599,защитник,авдошкина,защитник,авдошкин,Ncmsny,Npmsgy,OB',,,деятель_S,родственник_S,
600,отводе,прокурора,отвод,прокурор,Ncmsln,Ncmsgy,OB,,,действие_S,агент_S,
601,подготовки,позиции,подготовка,позиция,Ncmsan,Ncfsgn,OB,,,организация_S,группа_S,
602,страницы,дела,страница,дело,Ncfpan,Ncfsgn,WH,,,человек_S,предмет_S,
603,исполнения,поручения,исполнение,поручение,Ncnsln,Ncnsgn,OB,,,действие_S,агент_S,
604,выделении,участка,выделение,участок,Ncnsln,Ncmsgn,OB,,,действие_S,группа_S,
605,объезда,округа,объезд,округа,Ncmsgn,Ncmsgn,OB,,,действие_S,группа_S,
606,мама,вити,мама,витя,Ncfsny,Npmsgy,KIN-SOC,,,родственник_S,родственник_S,
607,бабушка,первоклассника,бабушка,первоклассник,Ncfsny,Ncmsgy,KIN-SOC,,,родственник_S,предмет_S,
608,участников,баталий,участник,баталия,Ncmpgy,Ncfpgn,SAG,,,организация_S,деятель_S,
609,стоимости,бензина,стоимость,бензин,Ncfsdn,Ncmpgn,PAR,,,предмет_S,действие_S,
610,продаж,дисков,продажа,диск,Ncfpgn,Ncmpgn,OB,,,агент_S,группа_S,
611,организаторов,митинга,организатор,митинг,Ncmpgy,Ncmsgn,OB',,,организация_S,организация_S,
612,навыки,борьбы,навык,борьба,Ncmpan,Ncfsgn,ATR,,,свойство_S,действие_S,
613,уровень,знаний,уровень,знание,Ncmsan,Ncnpgn,PAR,,,учреждение_S,свойство_S,
614,поисках,героя,поиск,герой,Ncmpln,Ncmsgn,OB,,,действие_S,человек_S,
615,нанесении,травмы,нанесение,травма,Ncnsln,Ncfsgn,OB,,,действие_S,действие_S,
616,самовыдвижению,кандидатов,самовыдвижение,кандидат,Ncnsdn,Ncmpgy,SAG,,,действие_S,деятель_S,
617,расследование,конфликта,расследование,конфликт,Ncnsan,Ncmsgn,OB,,,агент_S,действие_S,
618,показателе,смертности,показатель,смертность,Ncmsln,Ncfsgn,PAR,,,свойство_S,учреждение_S,
619,восхождении,полковника,восхождение,полковник,Ncnsln,Ncmsgy,SAG,,,действие_S,агент_S,
620,врач,больницы,врач,больница,Ncmsny,Ncfsgn,MB,,,агент_S,учреждение_S,
621,счетов,лазаренко,счет,лазаренко,Ncmpgn,Npmsgy,POS,,,агент_S,родственник_S,
622,удовлетворении,иска,удовлетворение,иск,Ncnsln,Ncmsgn,OB,,,предмет_S,действие_S,
623,аппарат,связи,аппарат,связь,Ncmsan,Ncfsgn,ATR,,,учреждение_S,свойство_S,
624,видеозапись,обращения,видеозапись,обращение,Ncfsan,Ncnsgn,OB',,,агент_S,действие_S,
625,деятельность,персонажа,деятельность,персонаж,Ncfsnn,Ncmsgy,SAG,,,действие_S,предмет_S,
626,задаванию,вопросов,задавание,вопрос,Ncnsdn,Ncmpgn,OB,,,предмет_S,предмет_S,
627,приманиванию,зрительниц,приманивание,зрительница,Ncnsdn,Ncfpgy,OB,,,деятель_S,человек_S,
628,вопросы,этики,вопрос,этика,Ncmpan,Ncfsgn,ATR,,,предмет_S,организация_S,
629,делам,несовершеннолетних,дело,несовершеннолетний,Ncnpdn,Ncmpgy,ATR,,,предмет_S,родственник_S,
630,активности,населения,активность,население,Ncfsgn,Ncnsgn,SAG,,,свойство_S,человек_S,
631,борьба,кланов,борьба,клан,Ncfsnn,Ncmpgn,SAG,,,действие_S,группа_S,
632,лоббирование,людей,лоббирование,человек,Ncnsan,Ncmpgy,OB,,,действие_S,человек_S,
633,тещи,члена,теща,член,Ncfsgy,Ncmsgy,KIN-SOC,,,родственник_S,учреждение_S,
634,жених,стоцкой,жених,стоцкий,Ncmsny,Npfsgy,KIN-SOC,,,родственник_S,родственник_S,
635,талант,пианиста,талант,пианист,Ncmsan,Ncmsgy,PAR,,,свойство_S,деятель_S,
636,заместитель,директора,заместитель,директор,Ncmsny,Ncmsgy,OB',,,агент_S,учреждение_S,
637,индустрии,красоты,индустрия,красота,Ncfsln,Ncfsgn,ATR,,,организация_S,свойство_S,
638,сдачи,номера,сдача,номер,Ncfsgn,Ncmsgn,OB,,,организация_S,группа_S,
639,момент,сдачи,момент,сдача,Ncmsan,Ncfsgn,ATR,,,предмет_S,организация_S,
640,критерием,инаугурации,критерий,инаугурация,Ncmsin,Ncfsgn,ATR,,,предмет_S,родственник_S,
641,демонстрация,достоинств,демонстрация,достоинство,Ncfsnn,Ncnpgn,OB,,,действие_S,свойство_S,
642,показом,продуктов,показ,продукт,Ncmsin,Ncmpgn,OB,,,действие_S,предмет_S,
643,запаха,тела,запах,тело,Ncmsgn,Ncnsgn,PAR,,,свойство_S,предмет_S,
644,организация,сообщения,организация,сообщение,Ncfsnn,Ncnsgn,OB,,,организация_S,агент_S,
645,утрату,удостоверения,утрата,удостоверение,Ncfsan,Ncnsgn,OB,,,родственник_S,агент_S,
646,облета,площадки,облет,площадка,Ncmsgn,Ncfsgn,OB,,,действие_S,группа_S,
647,переписи,населения,перепись,население,Ncnsgn,Ncnsgn,OB,,,организация_S,человек_S,
648,подготовки,переписи,подготовка,перепись,Ncnsdn,Ncnsgn,OB,,,организация_S,организация_S,
649,создания,расписания,создание,расписание,Ncnsgn,Ncnsgn,OB,,,организация_S,учреждение_S,
650,сотрудник,регистратуры,сотрудник,регистратура,Ncmsny,Ncfsgn,MB,,,агент_S,учреждение_S,
651,сын,олигарха,сын,олигарх,Ncnsny,Ncmsgy,KIN-SOC,,,родственник_S,деятель_S,
652,героизм,бэтмена,героизм,бэтмена,Ncmsan,Npmsgy,PAR,,,свойство_S,агент_S,
653,упоминание,румынии,упоминание,румыния,Ncnsnn,Ncfsgn,OB,,,предмет_S,агент_S,
654,переговоров,канцлера,переговоры,канцлер,Ncmpgn,Ncmsgy,SAG,,,агент_S,агент_S,
655,постановку,спектакля,постановка,спектакль,Ncfsan,Ncmsgn,OB,,,действие_S,действие_S,
656,соратнике,фюрера,соратник,фюрер,Ncmsly,Ncmsgy,KIN-SOC,,,родственник_S,агент_S,
657,конкурентноспособности,продукции,конкурентноспособность,продукция,Ncfsgn,Ncfsgn,PAR,,,родственник_S,предмет_S,
658,преследовании,джемаля,преследование,джемаля,Ncnsln,N[msgy,OB,,,действие_S,родственник_S,
659,сайте,комитета,сайт,комитет,Ncmsln,Ncmsgn,POS,,,агент_S,организация_S,
660,поставок,топлива,поставка,топливо,Ncfpgn,Ncnsgn,OB,,,действие_S,организация_S,
661,приобретение,квартиры,приобретение,квартира,Ncnsan,Ncfsgn,OB,,,организация_S,родственник_S,
662,присвоение,звания,присвоение,звание,Ncnsan,Ncnsgn,OB,,,деятель_S,учреждение_S,
663,сыном,полка,сын,полка,Ncmsiy,Ncmsgn,KIN-SOC,,,родственник_S,предмет_S,
664,выявление,оборота,выявление,оборот,Ncnsan,Ncmsgn,OB,,,действие_S,действие_S,
665,изучению,преступности,изучение,преступность,Ncnsdn,Ncfsgn,OB,,,свойство_S,организация_S,
666,директор,центра,директор,центр,Ncmsny,Ncmsgn,MB,,,учреждение_S,учреждение_S,
667,начальника,гидрометцентра,начальник,гидрометцентр,Ncmsny,Ncmsgn,MB,,,агент_S,агент_S,
668,контродем,оперативников,контродема,оперативник,Ncmsin,Ncmpgy,SAG,,,родственник_S,агент_S,
669,площади,победы,площадь,победа,Ncfsln,Ncfsgn,ATR,,,группа_S,деятель_S,
670,представителя,фирмы-изготовителя,представитель,фирма-изготовитель,Ncmsgy,Ncfsgn,MB,,,деятель_S,родственник_S,
671,доме,актера,дом,актер,Ncmsln,Ncmsgy,ATR,,,родственник_S,человек_S,
672,имущество,компании,имущество,компания,Ncnsnn,Ncfsgn,POS,,,учреждение_S,группа_S,
673,пересказ,доклада,пересказ,доклад,Ncmsnn,Ncmsgn,OB,,,предмет_S,организация_S,
674,фонд,алеши,фонд,алеш,Ncmsan,Npmsgy,POS,,,учреждение_S,родственник_S,
675,действий,ответчика,действие,ответчик,Ncnpgn,Ncmsgy,SAG,,,действие_S,агент_S,
676,признаки,сомнительности,признак,сомнительность,Ncmpan,Ncfsgn,ATR,,,свойство_S,свойство_S,
677,объем,работ,объесть,работа,Ncmsan,Ncfpgn,PAR,,,родственник_S,организация_S,
678,колоритности,персонажа,колоритность,персонаж,Ncfsdn,Ncmsgy,PAR,,,свойство_S,предмет_S,
679,помощь,адвоката,помощь,адвокат,Ncfsan,Ncmsgy,SAG,,,действие_S,агент_S,
680,выносливости,физкультурника,выносливость,физкультурник,Ncfsgn,Ncmsgy,PAR,,,свойство_S,группа_S,
681,насмешки,судьбы,насмешка,судьба,Ncfsgn,Ncfsgn,SAG,,,предмет_S,свойство_S,
682,заказу,вельможу,заказ,вельможа,Ncmsdn,Ncmsgy,SAG,,,агент_S,агент_S,
683,прием,граждан,прием,гражданин,Ncmsan,Ncmpgy,OB,,,действие_S,человек_S,
684,пункт,соглашения,пункт,соглашение,Ncmsnn,Ncnsgn,WH,,,предмет_S,агент_S,
685,лечения,ребенка,лечение,ребенок,Ncnsgn,Ncmsgy,OB,,,действие_S,родственник_S,
686,оплату,лечения,оплата,лечение,Ncfsan,Ncnsgn,OB,,,организация_S,действие_S,
687,сокращению,очередей,сокращение,очередь,Ncnsdn,Ncfpgn,OB,,,действие_S,группа_S,
688,чтением,канона,чтение,канон,Ncnsin,Ncmsgn,OB,,,предмет_S,свойство_S,
689,боец,отряда,боец,отряд,Ncmsny,Ncmsgn,MB,,,человек_S,группа_S,
690,могущество,писателя,могущество,писатель,Ncnsnn,Ncmsgy,PAR,,,свойство_S,деятель_S,
691,концепция,интеллекта,концепция,интеллект,Ncfsnn,Ncmsgn,PAR,,,свойство_S,свойство_S,
692,момент,открытия,момент,открытие,Ncmsan,Ncfsgn,ATR,,,предмет_S,деятель_S,
693,открытия,объекта,открытие,объект,Ncfsgn,Ncmsgn,OB,,,деятель_S,предмет_S,
694,важность,ситуации,важность,ситуация,Ncnsan,Ncfsgn,PAR,,,деятель_S,действие_S,
695,степень,ответственности,степень,ответственность,Ncnsan,Ncfsgn,PAR,,,свойство_S,действие_S,
696,профессию,рабочего,профессия,рабочий,Ncfsan,Ncmsgy,ATR,,,предмет_S,человек_S,
697,систему,обороны,система,оборона,Ncfsan,Ncfsgn,ATR,,,учреждение_S,действие_S,
698,завершению,секвенирования,завершение,секвенирование,Ncnsdn,Ncnsgn,OB,,,предмет_S,действие_S,
699,секвенирования,генома,секвенирование,геном,Ncnsgn,Ncmsgn,OB,,,действие_S,свойство_S,
700,генома,человека,геном,человек,Ncmsgn,Ncmsgy,PAR,,,свойство_S,человек_S,
701,тону,директора,тон,директор,Ncmsdn,Ncmsgy,PAR,,,свойство_S,учреждение_S,
702,облика,смены,облик,смена,Ncmsgn,Ncfsgn,PAR,,,свойство_S,действие_S,
703,заводе,авиации,завод,авиация,Ncmsln,Ncfsgn,ATR,,,учреждение_S,агент_S,
704,колеса,мотоциклиста,колесо,мотоциклист,Ncnpan,Ncmsgy,POS,,,учреждение_S,человек_S,
705,степени,тяжести,степень,тяжесть,Ncfsgn,Ncfsgn,PAR,,,свойство_S,свойство_S,
706,статус,беженца,статус,беженец,Ncmsan,Ncmsgy,ATR,,,свойство_S,человек_S,
707,доказательством,жизни,доказательство,жизнь,Ncnsin,Ncfsgn,OB,,,предмет_S,человек_S,
708,репутацию,человека,репутация,человек,Ncfsan,Ncmsgy,PAR,,,организация_S,человек_S,
709,победы,адмирала,победа,адмирал,Ncfsgn,Ncmsgy,SAG,,,деятель_S,агент_S,
710,создатель,сетей,создатель,сеть,Ncmsny,Ncfpgn,OB',,,деятель_S,учреждение_S,
711,размер,ставки,размер,ставка,Ncmsnn,Ncfsgn,PAR,,,свойство_S,группа_S,
712,оценки,кредитоспособности,оценка,кредитоспособность,Ncfsgn,Ncfsgn,OB,,,организация_S,свойство_S,
713,кредитоспособности,клиента,кредитоспособность,клиент,Ncfsgn,Ncmsgy,PAR,,,свойство_S,агент_S,
714,кресло,судьи,кресло,судья,Ncnsan,Ncmsgy,POS,,,предмет_S,деятель_S,
715,тонкости,процесса,тонкость,процесс,Ncfpan,Ncmsgn,PAR,,,свойство_S,действие_S,
716,распределении,участков,распределение,участок,Ncnpln,Ncmpgn,OB,,,организация_S,группа_S,
717,отстрел,зайца,отстрел,заяц,Ncmsan,Ncmsgy,OB,,,действие_S,человек_S,
718,заседанием,кдк,заседание,кдк,Ncnsin,Ncmsgn,SAG,,,учреждение_S,родственник_S,
719,офис,рфс,офис,рфс,Ncmsan,Ncfsgn,POS,,,агент_S,родственник_S,
720,вице-президент,"""анжи""",вице-президент,анжи,Ncmsny,Ncfsgn,MB,,,деятель_S,группа_S,
721,регистрации,средств,регистрация,средство,Ncnsgn,Ncnpgn,OB,,,учреждение_S,учреждение_S,
722,успешность,программ,успешность,программа,Ncfsnn,Ncfpgn,PAR,,,организация_S,организация_S,
723,открытостью,программ,открытость,программа,Ncfsin,Ncfpgn,PAR,,,свойство_S,организация_S,
724,ясностью,изложения,ясность,изложение,Ncfsin,Ncnsgn,PAR,,,свойство_S,предмет_S,
725,распоряжения,клиента,распоряжение,клиент,Ncnsgn,Ncmsgy,SAG,,,агент_S,агент_S,
726,спаривании,самца,спаривание,самец,Ncnsln,Ncmsgy,SAG,,,действие_S,человек_S,
727,пост,наставника,пост,наставник,Ncmsan,Ncmsgy,ATR,,,учреждение_S,деятель_S,
728,наставника,махачкалинцев,наставник,махачкалинец,Ncmsgy,Ncmpgy,OB',,,деятель_S,деятель_S,
729,пластичность,человека,пластичность,человек,Ncnsan,Ncmsgy,PAR,,,свойство_S,человек_S,
730,обустройства,площадок,обустройство,площадка,Ncnsgn,Ncfpgn,OB,,,организация_S,группа_S,
731,бюро,выставок,бюро,выставка,Ncnsgn,Ncfgpn,ATR,,,организация_S,организация_S,
732,складе,запчастей,склад,запчасть,Ncmsln,Ncfpgn,ATR,,,учреждение_S,предмет_S,
733,предоставлению,жилья,предоставление,жилье,Ncnsdn,Ncnsgn,OB,,,организация_S,родственник_S,
734,отбелку,целлюлозы,отбелка,целлюлоза,Ncfsan,Ncfsgn,OB,,,свойство_S,свойство_S,
735,охраны,природы,охрана,природа,Ncfsgn,Ncfsgn,OB,,,организация_S,свойство_S,
736,союза,охраны,союз,охрана,Ncmsgn,Ncfsgn,ATR,,,организация_S,организация_S,
737,сборки,автомобилей,сборка,автомобиль,Ncfsgn,Ncmpgn,OB,,,организация_S,агент_S,
738,школа,граждан,школа,гражданин,Ncfsnn,Ncmpgy,ATR,,,учреждение_S,человек_S,
739,выращиванию,человека,выращивание,человек,Ncnsdn,Ncmsgy,OB,,,организация_S,человек_S,
740,качества,преподавания,качество,преподавание,Ncnsgn,Ncnsgn,PAR,,,свойство_S,предмет_S,
741,поведении,собаки,поведение,собака,Ncnsln,Ncfsgy,SAG,,,действие_S,человек_S,
742,достоинствах,плана,достоинство,план,Ncnpgn,Ncmsgn,PAR,,,свойство_S,группа_S,
743,кресле,министра,кресло,министр,Ncnsln,Ncmsgy,POS,,,предмет_S,агент_S,
744,сообщник,мошенника,сообщник,мошенник,Ncmsny,Ncmsgy,KIN-SOC,,,агент_S,агент_S,
745,форме,сотрудника,форма,сотрудник,Ncfsln,Ncmsgy,ATR,,,предмет_S,агент_S,
746,поиском,ребенка,поиск,ребенок,Ncmsin,Ncmsgy,OB,,,действие_S,родственник_S,
747,собрании,энергокомпании,собрание,энергокомпания,Ncnsln,Ncfsgn,SAG,,,организация_S,учреждение_S,
748,театр,драмы,театр,драма,Ncmsan,Ncfsgn,ATR,,,деятель_S,действие_S,
749,отмене,лимита,отмена,лимит,Ncmsln,Ncmsgn,OB,,,действие_S,организация_S,
750,спикера,госдумы,спикер,госдума,Ncmsgy,Ncfsgn,MB,,,деятель_S,группа_S,
751,обеспечение,ветеранов,обеспечение,ветеран,Ncnsnn,Ncmpgy,OB,,,организация_S,родственник_S,
752,улучшению,условий,улучшение,условие,Ncnsdn,Ncnpgn,OB,,,организация_S,свойство_S,
753,передачи,портфелей,передача,портфель,Ncfsgn,Ncmpgn,OB,,,действие_S,учреждение_S,
754,председатель,правительства,председатель,правительство,Ncmsny,Ncnsgn,MB,,,учреждение_S,организация_S,
755,лидер,кпрф,лидер,кпрф,Ncmsny,Ncfsgn,MB,,,деятель_S,группа_S,
756,ликвидации,пожаров,ликвидация,пожар,Ncfsgn,Ncmpgn,OB,,,организация_S,действие_S,
757,член,бандгруппы,член,бандгруппа,Ncmsny,Ncfsgn,MB,,,учреждение_S,группа_S,
758,доступность,территорий,доступность,территория,Ncnsan,Ncfpgn,PAR,,,свойство_S,учреждение_S,
759,скорость,доставки,скорость,доставка,Ncnsan,Ncfsgn,PAR,,,свойство_S,организация_S,
760,доставки,пассажиров,доставка,пассажир,Ncfsgn,Ncmpgy,OB,,,организация_S,человек_S,
761,конкурентноспособность,экономики,конкурентноспособность,экономика,Ncfsan,Ncfsgn,PAR,,,родственник_S,учреждение_S,
762,департамента,образования,департамент,образование,Ncmsgn,Ncnsgn,ATR,,,агент_S,учреждение_S,
763,выборе,партнера,выбор,партнер,Ncmsln,Ncmsgy,OB,,,действие_S,агент_S,
764,невыплату,зарплаты,невыплата,зарплата,Ncfsan,Ncfsgn,OB,,,действие_S,человек_S,
765,разработку,месторождений,разработка,месторождение,Ncfsan,Ncnpgn,OB,,,организация_S,предмет_S,
766,получения,лицензий,получение,лицензия,Ncnsgn,Ncfpgn,OB,,,организация_S,учреждение_S,
767,диплом,юриста,диплом,юрист,Ncmsan,Ncmsgy,ATR,,,учреждение_S,деятель_S,
768,вес,человека,вес,человек,Ncmsan,Ncmsgy,PAR,,,свойство_S,человек_S,
769,устойчивости,развития,устойчивость,развитие,Ncfsgn,Ncnsgn,PAR,,,свойство_S,организация_S,
770,командир,крейсера,командир,крейсер,Ncmsny,Ncmsgn,OB',,,группа_S,группа_S,
771,акции,протеста,акция,протест,Ncfpnn,Ncmsgn,ATR,,,организация_S,действие_S,
772,предок,человека,предок,человек,Ncmsny,Ncmsgy,KIN-SOC,,,родственник_S,человек_S,
773,стоимость,долга,стоимость,долг,Ncfsan,Ncmsgn,PAR,,,предмет_S,родственник_S,
774,замену,удостоверения,замена,удостоверение,Ncfsan,Ncnsgn,OB,,,действие_S,агент_S,
775,удостоверения,личности,удостоверение,личность,Ncnsgn,Ncfsgn,OB',,,агент_S,человек_S,
776,границы,участка,граница,участок,Ncfpnn,Ncmsgn,WH,,,родственник_S,группа_S,
777,фрагмент,венца,фрагмент,венец,Ncmsan,Ncmsgn,WH,,,группа_S,деятель_S,
778,шмотки,царицы,шмотки,царица,Ncfpan,Ncfsgy,POS,,,предмет_S,родственник_S,
779,достройку,слободы,достройка,слобода,Ncfan,Ncfsgn,OB,,,организация_S,группа_S,
780,палате,представителей,палата,представитель,Ncfsln,Ncmpgy,ATR,,,учреждение_S,деятель_S,
781,стабилизации,цен,стабилизация,цена,Ncfsdn,Ncfpgn,OB,,,действие_S,предмет_S,
782,продукты,питания,продукт,питание,Ncmpan,Ncfsgn,ATR,,,предмет_S,организация_S,
783,появлением,малыша,появление,малыш,Ncnsin,Ncmpgn,SPA,,,действие_S,человек_S,
784,производство,препаратов,производство,препарат,Ncnsnn,Ncmsng,OB,,,организация_S,свойство_S,
785,декан,факультета,декан,факультет,Ncmsny,Ncmsgn,MB,,,деятель_S,группа_S,
786,факультета,управления,факультет,управление,Ncmsgn,Ncnsgn,ATR,,,группа_S,учреждение_S,
787,выступлением,тхэквондистов,выступление,тхэквондист,Ncnsin,Ncmsgy,SAG,,,действие_S,родственник_S,
788,смерти,художника,смерть,художник,Ncfsgn,Ncmsgy,SPA,,,родственник_S,деятель_S,
789,возмещения,вреда,возмещение,вред,Ncnsan,Ncmsgn,OB,,,организация_S,действие_S,
790,фотографию,мальчика,фотография,мальчик,Ncfsan,Ncmsgy,OB',,,предмет_S,человек_S,
791,вырубки,кедра,вырубка,кедр,Ncfpan,Ncmsgn,OB,,,группа_S,учреждение_S,
792,разрушению,экосистем,разрушение,экосистема,Ncnsdn,Ncfpgn,OB,,,действие_S,свойство_S,
793,фотографии,человека,фотография,человек,Ncfpnn,Ncmsgy,OB',,,предмет_S,человек_S,
794,рождение,ребенка,рождение,ребенок,Ncnsan,Ncmsgy,SPA,,,родственник_S,родственник_S,
795,оглашения,приговора,оглашение,приговор,Ncnsgn,Ncmsgn,OB,,,действие_S,учреждение_S,
796,игнорирование,нормы,игнорирование,норма,Ncnsnn,Ncfsgn,OB,,,действие_S,организация_S,
797,отец,героя,отец,герой,Ncmsny,Ncmsgy,KIN-SOC,,,родственник_S,человек_S,
798,представителя,власти,представитель,власть,Ncmsgy,Ncfsgn,MB,,,деятель_S,учреждение_S,
799,оператор,доения,оператор,доение,Ncmsny,Ncnsgn,ATR,,,агент_S,действие_S,
800,оператор,агрофирмы,оператор,агрофирма,Ncmsny,Ncfsgn,MB,,,агент_S,учреждение_S,
801,работу,мэра,работа,мэр,Ncfsan,Ncmsgy,SAG,,,организация_S,родственник_S,
802,выдачи,формы,выдача,форма,Ncfsgn,Ncfsgn,OB,,,организация_S,предмет_S,
803,талант,изобретателя,талант,изобретатель,Ncmsan,Ncmsgy,ATR,,,свойство_S,деятель_S,
804,договору,найма,договор,найм,Ncmsdn,Ncmsgn,ATR,,,организация_S,агент_S,
805,приобретения,жилья,приобретение,жилье,Ncnsgn,Ncnsgn,OB,,,организация_S,родственник_S,
806,знаком,льва,знак,лев,Ncmsin,Ncmsgn,ATR,,,предмет_S,деятель_S,
807,оформлении,документов,оформление,документ,Ncnsln,Ncmpgn,OB,,,организация_S,агент_S,
808,списка,контактов,список,контакт,Ncmsgn,Ncmpgn,ATR,,,группа_S,группа_S,
809,экране,устройства,экран,устройство,Ncmsln,Ncnsgn,WH,,,предмет_S,организация_S,
810,кнопка,звонка,кнопка,звонок,Ncfsnn,Ncmsgn,ATR,,,действие_S,родственник_S,
811,совершение,преступлений,совершение,преступление,Ncnsan,Ncnpgn,OB,,,действие_S,действие_S,
812,главой,аэропорта,глава,аэропорт,Ncmsiy,Ncmsgn,MB,,,агент_S,родственник_S,
813,страхованию,вкладов,страхование,вклад,Ncnsdn,Ncmsgn,OB,,,учреждение_S,учреждение_S,
814,производству,конструктора,производство,конструктор,Ncnsdn,Ncmsgn,OB,,,организация_S,деятель_S,
815,пресс-атташе,клуба,пресс-атташе,клуб,Ncmsny,Ncmsgn,MB,,,агент_S,организация_S,
816,подножию,памятника,подножие,памятник,Ncnsdn,Ncmsgn,WH,,,группа_S,деятель_S,
817,органов,дознания,орган,дознание,Ncmogn,Ncnsgn,ATR,,,учреждение_S,агент_S,
818,визите,проповедника,визит,проповедник,Ncmsgn,Ncmsgy,SAG,,,родственник_S,деятель_S,
819,учредителя,компании,учредитель,компания,Ncmsgy,Ncfsgn,OB',,,организация_S,группа_S,
820,забастовка,служащих,забастовка,служащий,Ncfsnn,Ncmpgy,SAG,,,организация_S,учреждение_S,
821,дверь,подъезда,дверь,подъезд,Ncfsnn,Ncmsgn,WH,,,человек_S,родственник_S,
822,приключений,шерлока,приключение,шерлок,Ncnpgn,Npmsgy,SAG,,,предмет_S,человек_S,
823,палату,парламента,палата,парламент,Ncfsan,Ncmsgn,WH,,,учреждение_S,организация_S,
824,ввода,законопроекта,ввод,законопроект,Ncmsgn,Ncmsgn,OB',,,действие_S,учреждение_S,
825,вмешательство,ес,вмешательство,ес,Ncnsan,Ncmsgn,SAG,,,действие_S,организация_S,
826,уровень,качества,уровень,качество,Ncmsan,Ncnsgn,PAR,,,учреждение_S,свойство_S,
827,день,гнева,день,гнев,Ncmsnn,Ncmsgn,ATR,,,группа_S,действие_S,
828,параметрах,бюджета,параметр,бюджет,Ncmpln,Ncmsgn,PAR,,,свойство_S,учреждение_S,
829,отмены,приказа,отмена,приказ,Ncfsgn,Ncmsgn,OB,,,действие_S,действие_S,
830,эры,телевидения,эра,телевидение,Ncfsgn,Ncnsgn,ATR,,,деятель_S,агент_S,
831,симуляции,сознания,симуляция,сознание,Ncfsgn,Ncnsgn,OB,,,свойство_S,свойство_S,
832,поддержке,депутата,поддержка,депутат,Ncfsln,Ncmsgy,SAG,,,организация_S,деятель_S,
833,экспертиза,малыша,экспертиза,малыш,Ncfsnn,Ncmsgy,OB,,,учреждение_S,человек_S,
834,предоставление,льгот,предоставление,льгота,Ncnsnn,Ncfpgn,OB,,,организация_S,учреждение_S,
835,костюме,зверя,костюм,зверь,Ncmsln,Ncmsgy,ATR,,,агент_S,человек_S,
836,брожение,пищи,брожение,пища,Ncnsnn,Ncfsgn,SPA,,,действие_S,предмет_S,
837,прокладку,трубы,прокладка,труба,Ncfsan,Ncfsgn,OB,,,свойство_S,организация_S,
838,ресурсы,работника,ресурс,работник,Ncmpan,Ncmsgn,POS,,,свойство_S,учреждение_S,
839,амплитуда,изменений,амплитуда,изменение,Ncfsnn,Ncnpgn,PAR,,,свойство_S,свойство_S,
840,проректор,школы,проректор,школа,Ncmsny,Ncfsgn,MB,,,учреждение_S,учреждение_S,
841,возврата,денег,возврат,деньги,Ncmsgn,Ncfpgn,OB,,,действие_S,родственник_S,
842,дочери,издателя,дочь,издатель,Ncfsly,Ncmsgy,KIN-SOC,,,родственник_S,агент_S,
843,учета,доходов,учет,доход,Ncmsgn,Ncmpgn,OB,,,организация_S,учреждение_S,
844,объемы,средств,объем,средство,Ncmpan,Ncnpgn,PAR,,,свойство_S,учреждение_S,
845,квалификации,персонала,квалификация,персонал,Ncfsgn,Ncmsgn,PAR,,,организация_S,учреждение_S,
846,сходы,граждан,сход,гражданин,Ncmpan,Ncmpgy,SAG,,,организация_S,человек_S,
847,представитель,истца,представитель,истец,Ncmsny,Ncmsgy,OB',,,деятель_S,родственник_S,
848,форуме,услуг,форум,услуга,Ncmsln,Ncfpgn,ATR,,,организация_S,учреждение_S,
849,поведение,звезды,поведение,звезда,Ncnsan,Ncfsgy,SAG,,,действие_S,человек_S,
850,срок,действия,срок,действие,Ncmsan,Ncnsgn,PAR,,,группа_S,действие_S,
851,надежности,компании,надежность,компания,Ncfsln,Ncfsgn,PAR,,,свойство_S,группа_S,
852,средство,платежа,средство,платеж,Ncnsan,Ncmsgn,ATR,,,учреждение_S,учреждение_S,
853,средств,получателя,средство,получатель,Ncnpgn,Ncmsgy,POS,,,учреждение_S,агент_S,
854,часть,доклада,часть,доклад,Ncfsan,Ncmsgn,WH,,,группа_S,организация_S,
855,ректор,мгу,ректор,мгу,Ncmsny,Ncmsgn,MB,,,учреждение_S,группа_S,
856,обзору,истории,обзор,история,Ncmsdn,Ncfsgn,OB,,,предмет_S,деятель_S,
857,зоны,торговли,зона,торговля,Ncfsgn,Ncfsgn,ATR,,,группа_S,организация_S,
858,исполнитель,роли,исполнитель,роль,Ncmsny,Ncfsgn,OB',,,человек_S,деятель_S,
859,производитель,микросхем,производитель,микросхема,Ncmsny,Ncfpgn,OB',,,деятель_S,свойство_S,
860,особенности,характера,особенность,характер,Ncfpan,Ncmsgn,PAR,,,свойство_S,свойство_S,
861,склад,ума,склад,ум,Ncmsan,Ncmsgn,PAR,,,учреждение_S,человек_S,
862,водитель,автомашины,водитель,автомашина,Ncmsny,Ncfsgn,OB',,,человек_S,агент_S,
863,состоянии,опьянения,состояние,опьянение,Ncnsln,Ncnsgn,ATR,,,свойство_S,действие_S,
864,правила,движения,правило,движение,Ncnpan,Nncsgn,ATR,,,предмет_S,действие_S,
865,рации,диспетчера,рация,диспетчер,Ncfsln,Ncmsgy,POS,,,агент_S,агент_S,
866,смещение,министра,смещение,министр,Ncnsnn,Ncmsgy,OB,,,действие_S,агент_S,
867,удостоверением,водолаза,удостоверение,водолаз,Ncnsin,Ncmsgy,ATR,,,агент_S,агент_S,
868,рассмотрения,представления,рассмотрение,представление,Ncnsgn,Ncnsgn,OB,,,действие_S,свойство_S,
869,устранение,нарушений,устранение,нарушение,Ncnsnn,Ncnpgn,OB,,,действие_S,действие_S,
870,соучредителем,кооператива,соучредитель,кооператив,Ncmsiy,Ncmsgn,OB',,,агент_S,организация_S,
871,рейде,порта,рейд,порт,Ncmsln,Ncmsgn,OB,,,агент_S,агент_S,
872,закладка,стен,закладка,стена,Ncfsnn,Ncfpgn,OB,,,действие_S,предмет_S,
873,обоснованность,проекта,обоснованность,проект,Ncfsnn,Ncmsgn,PAR,,,действие_S,организация_S,
874,захоронение,тела,захоронение,тело,Ncnsan,Ncnsgn,OB,,,действие_S,предмет_S,
875,оппонент,преемника,оппонент,преемник,Ncmsny,Ncmsgy,KIN-SOC,,,деятель_S,деятель_S,
876,преемника,президента,преемник,президент,Ncmsgy,Ncmsgy,KIN-SOC,,,деятель_S,деятель_S,
877,восстановления,гражданства,восстановление,гражданство,Ncnsgn,Ncnsgn,OB,,,организация_S,агент_S,
878,пользователь,твиттера,пользователь,твиттер,Ncmsny,Ncmsgn,OB',,,человек_S,агент_S,
879,монетизации,льгот,монетизация,льгота,Ncfsdn,Ncfpgn,OB,,,учреждение_S,учреждение_S,
880,выходкой,болельщика,выходка,болельщик,Ncfsin,Ncmsgy,SAG,,,действие_S,человек_S,
881,музей,фигур,музей,фигура,Ncmsnn,Ncfpgn,ATR,,,учреждение_S,свойство_S,
882,уникальность,роли,уникальность,роль,Ncfsnn,Ncfsgy,PAR,,,свойство_S,деятель_S,
883,сотрудник,мчс,сотрудник,мчс,Ncmsny,Ncmsgn,MB,,,агент_S,организация_S,
884,законность,пропажи,законность,пропажа,Ncfsnn,Ncnsgn,PAR,,,организация_S,родственник_S,
885,ведущего,телепередачи,ведущий,телепередача,Ncmsgy,Ncfsgn,OB',,,группа_S,агент_S,
,,,,,,,,,,родственник_S,родственник_S,
886,преследование,жертвы,преследование,жертва,,,OB,,,действие_S,человек_S,
887,темп,бега,темп,бег,,,PAR,,,действие_S,действие_S,
888,бега,льва,бег,лев,,,SAG,,,действие_S,деятель_S,
889,движению,талибов,движение,талиб,,,SAG,,,действие_S,агент_S,
890,возвращения,россиян,возвращение,россиянин,,,SAG,,,родственник_S,человек_S,
891,переезд,семьи,переезд,семья,,,SAG,,,действие_S,родственник_S,
892,сопровождении,медработника,сопровождение,медработник,,,SAG,,,группа_S,организация_S,
893,походы,олигархов,поход,олигарх,,,SAG,,,действие_S,деятель_S,
894,перехода,руководителя,переход,руководитель,,,SAG,,,действие_S,организация_S,
895,возвращения,россиян,возвращение,россиянин,,,SAG,,,родственник_S,человек_S,
896,эмиграцией,евреев,эмиграция,еврей,,,SAG,,,деятель_S,человек_S,
897,атаку,соперника,атака,соперник,,,SAG,,,действие_S,родственник_S,
898,приезде,курьера,приезд,курьер,,,SAG,,,родственник_S,агент_S,
899,ухода,рабочих,уход,рабочий,,,SAG,,,родственник_S,человек_S,
900,передвижении,людей,передвижение,человек,,,SAG,,,действие_S,человек_S,
901,вселении,писателя,вселение,писатель,,,SAG,,,действие_S,деятель_S,
902,возвращении,мать,возвращение,мать,,,SAG,,,родственник_S,родственник_S,
903,поклонения,волхвов,поклонение,волхв,,,SAG,,,предмет_S,деятель_S,
904,прыжком,врага,прыжок,враг,,,SAG,,,действие_S,агент_S,
905,полеты,пчел,полет,пчела,,,SAG,,,действие_S,человек_S,
906,отступления,оккупантов,отступление,оккупант,,,SAG,,,действие_S,агент_S,
907,возвращение,грачей,возвращение,грач,,,SAG,,,родственник_S,человек_S,
908,исполнении,ансамбля,исполнение,ансамбль,,,SAG,,,действие_S,группа_S,
909,приезды,отца,приезд,отец,,,SAG,,,родственник_S,родственник_S,
910,восхождения,правителя,восхождение,правитель,,,SAG,,,действие_S,деятель_S,
911,длительности,правления,длительность,правление,,,PAR,,,свойство_S,организация_S,
912,приходом,хозяина,приход,хозяин,,,SAG,,,действие_S,человек_S,
913,потеря,отца,потеря,отец,,,OB,,,родственник_S,родственник_S,
914,владения,графа,владение,граф,,,POS,,,родственник_S,родственник_S,
915,выселения,новобрачной,выселение,новобрачный,,,OB,,,действие_S,родственник_S,
916,продвижение,красных,продвижение,красных,,,SAG,,,действие_S,родственник_S,
917,отъезда,крестьянина,отъезд,крестьянин,,,SAG,,,родственник_S,человек_S,
918,краже,невесты,кража,невеста,,,OB,,,действие_S,родственник_S,
919,похищения,голова,похищение,голова,,,OB,,,агент_S,человек_S,
920,возвращения,зайца,возвращение,заяц,,,SAG,,,родственник_S,человек_S,
921,лай,собаки,лай,собака,,,SAG,,,организация_S,человек_S,
922,приближение,зайца,приближение,заяц,,,SAG,,,действие_S,человек_S,
923,пробега,зайца,пробег,заяц,,,SAG,,,группа_S,человек_S,
924,добывании,зайца,добывание,заяц,,,OB,,,организация_S,человек_S,
925,поимке,призраков,поимка,призрак,,,OB,,,агент_S,предмет_S,
926,посещения,станции,посещение,станция,,,OB,,,родственник_S,группа_S,
927,путешествие,автора,путешествие,автор,,,SAG,,,действие_S,человек_S,
928,приезд,дяди,приезд,дядя,,,SAG,,,родственник_S,родственник_S,
929,занятиях,родителей,занятие,родитель,,,SAG,,,предмет_S,родственник_S,
930,движениях,русских,движение,русский,,,SAG,,,действие_S,человек_S,
931,продвижение,противника,продвижение,противник,,,SAG,,,действие_S,агент_S,
932,стены,блиндажа,стена,блиндаж,,,WH,,,предмет_S,агент_S,
933,прогулок,командующего,прогулка,командующий,,,SAG,,,группа_S,действие_S,
934,полет,шмеля,полет,шмель,,,SAG,,,действие_S,учреждение_S,
935,залет,мухи,залет,муха,,,SAG,,,родственник_S,человек_S,
936,шагов,людей,шаг,человек,,,SAG,,,человек_S,человек_S,
937,натиском,боевиков,натиск,боевик,,,SAG,,,действие_S,агент_S,
938,покупку,техники,покупка,техника,,,OB,,,родственник_S,организация_S,
939,замену,персонала,замена,персонал,,,OB,,,действие_S,учреждение_S,
940,миграцию,клиентов,миграция,клиент,,,SAG,,,действие_S,агент_S,
941,прекращении,поставок,прекращение,поставка,,,OB,,,действие_S,действие_S,
942,подготовке,рубрики,подготовка,рубрика,,,OB,,,организация_S,предмет_S,
943,невыплате,зарплаты,невыплата,зарплата,,,OB,,,действие_S,человек_S,
944,перевозки,людей,перевозка,человек,,,OB,,,действие_S,человек_S,
945,вступлении,государыни,вступление,государыня,,,SAG,,,действие_S,родственник_S,
946,получения,чинов,получение,чин,,,OB,,,организация_S,агент_S,
947,возвращения,императора,возвращение,император,,,SAG,,,родственник_S,родственник_S,
948,добычи,газа,добыча,газа,,,OB,,,агент_S,агент_S,
949,рейдов,террористов,рейд,террорист,,,SAG,,,агент_S,агент_S,
950,просмотр,фильма,просмотр,фильм,,,OB,,,организация_S,деятель_S,
951,перезапуске,брака,перезапуск,брак,,,OB,,,агент_S,действие_S,
952,выставка,кошек,выставка,кошка,,,ATR,,,организация_S,человек_S,
953,поимку,киллеров,поимка,киллер,,,OB,,,агент_S,агент_S,
954,побег,солдат,побег,солдат,,,SAG,,,действие_S,человек_S,
955,эвакуацию,жителей,эвакуация,житель,,,OB,,,действие_S,человек_S,
956,опережением,графика,опережение,график,,,OB,,,предмет_S,предмет_S,
957,перепродажи,продуктов,перепродажа,продукт,,,OB,,,агент_S,предмет_S,
958,платежи,граждан,платеж,гражданин,,,OB,,,учреждение_S,человек_S,
959,выходу,пассажиров,выход,пассажир,,,SAG,,,действие_S,человек_S,
960,полет,стрижа,полет,стриж,,,SAG,,,действие_S,родственник_S,
961,вторжения,варваров,вторжение,варвар,,,SAG,,,действие_S,человек_S,
962,снабжения,солдат,снабжение,солдат,,,OB,,,организация_S,человек_S,
963,блеска,снега,блеск,снег,,,PAR,,,свойство_S,действие_S,
964,дезинформации,противника,дезинформация,противник,,,OB,,,агент_S,агент_S,
965,перенос,генов,перенос,ген,,,OB,,,действие_S,свойство_S,
966,фрагментов,геномов,фрагмент,геном,,,WH,,,группа_S,свойство_S,
967,комбинирования,фрагментов,комбинирование,фрагмент,,,OB,,,свойство_S,группа_S,
968,темп,накопления,темп,накопление,,,PAR,,,действие_S,свойство_S,
969,накопления,мутаций,накопление,мутация,,,OB,,,свойство_S,свойство_S,
970,обсуждение,результатов,обсуждение,результат,,,OB,,,действие_S,предмет_S,
971,уходов,воспитанников,уход,воспитанник,,,SAG,,,родственник_S,учреждение_S,
972,свержении,президента,свержение,президент,,,OB,,,действие_S,деятель_S,
973,музея,искусств,музей,искусство,,,ATR,,,учреждение_S,деятель_S,
974,качеством,сбора,качество,сбор,,,PAR,,,свойство_S,организация_S,
975,хранению,клеток,хранение,клетка,,,OB,,,действие_S,человек_S,
976,вторжение,призраков,вторжение,призрак,,,SAG,,,действие_S,предмет_S,
977,открытием,сезона,открытие,сезон,,,OB,,,деятель_S,группа_S,
978,нахождения,алмазов,нахождение,алмаз,,,OB,,,действие_S,свойство_S,
979,демонстрации,возможности,демонстрация,возможность,,,OB,,,действие_S,свойство_S,
980,обеспечением,судей,обеспечение,судья,,,OB,,,организация_S,деятель_S,
981,обретения,хозяина,обретение,хозяин,,,OB,,,действие_S,человек_S,
982,снятия,проклятия,снятие,проклятие,,,OB,,,действие_S,родственник_S,
983,хранительниц,очага,хранительница,очаг,,,OB',,,предмет_S,предмет_S,
984,кражу,вола,кража,вол,,,OB,,,действие_S,человек_S,
985,шествие,кошек,шествие,кошка,,,SAG,,,действие_S,человек_S,
986,угона,пленных,угон,пленный,,,OB,,,агент_S,человек_S,
987,прищура,начальника,прищур,начальник,,,PAR,,,агент_S,агент_S,
988,кинетику,сворачивания,кинетика,сворачивание,,,PAR,,,свойство_S,действие_S,
989,свойств,синаптотагмена,свойство,синаптотагмен,,,PAR,,,свойство_S,родственник_S,
990,мести,населения,месть,население,,,SAG,,,действие_S,человек_S,
991,бега,сторожей,бег,сторож,,,SAG,,,действие_S,агент_S,
992,скорость,бега,скорость,бег,,,PAR,,,свойство_S,действие_S,
993,раздача,слонов,раздача,слон,,,OB,,,организация_S,человек_S,
994,хождение,кролика,хождение,кролик,,,SAG,,,действие_S,человек_S,
995,содержимого,бумажника,содержимое,бумажник,,,WH,,,предмет_S,предмет_S,
996,дверь,подъезда,дверь,подъезд,,,WH,,,человек_S,родственник_S,
997,трат,жителей,трата,житель,,,SAG,,,действие_S,человек_S,
998,хищение,имущества,хищение,имущество,,,OB,,,организация_S,учреждение_S,
999,прозрачность,компаний,прозрачность,компания,,,PAR,,,свойство_S,группа_S,
1000,легализации,предприятий,легализация,предприятие,,,OB,,,организация_S,организация_S,
1001,цена,аренды,цена,аренда,,,PAR,,,предмет_S,агент_S,
1002,наездом,силовиков,наездом,силовик,,,SAG,,,родственник_S,агент_S,
1003,ходы,короля,ход,король,,,SAG,,,действие_S,агент_S,
1004,прыжку,тигрицы,прыжок,тигрица,,,SAG,,,действие_S,человек_S,
1005,выезд,старшины,выезд,старшина,,,SAG,,,действие_S,агент_S,
1006,чтении,писем,чтение,письмо,,,OB,,,предмет_S,родственник_S,
1007,оживлении,покойников,оживление,покойник,,,OB,,,действие_S,родственник_S,
1008,извлечением,потрохов,извлечение,потрохов,,,OB,,,свойство_S,родственник_S,
1009,поездки,молодоженов,поездка,молодожен,,,SAG,,,действие_S,родственник_S,
1010,бдительность,сапера,бдительность,сапер,,,PAR,,,организация_S,группа_S,
1011,неубедительности,аргументаций,неубедительность,аргументация,,,PAR,,,предмет_S,действие_S,
1012,танец,солистов,танец,солист,,,SAG,,,предмет_S,группа_S,
1013,волеизъявлению,избирателей,волеизъявление,избиратель,,,SAG,,,действие_S,человек_S,
1014,прогулку,первоклассников,прогулка,первоклассник,,,SAG,,,группа_S,предмет_S,
1015,бросок,защитника,бросок,защитник,,,SAG,,,действие_S,деятель_S,
1016,паломничество,туристов,паломничество,турист,,,SAG,,,действие_S,человек_S,
1017,налеты,рэкетиров-ментов,налет,рэкетир-мент,,,SAG,,,действие_S,родственник_S,
1018,вторжения,нарушителей,вторжение,нарушитель,,,SAG,,,действие_S,агент_S,
1019,сошествие,ангела,сошествие,ангел,,,SAG,,,деятель_S,человек_S,
1020,беготни,официанток,беготня,официантка,,,SAG,,,предмет_S,агент_S,
1021,звуков,тарелок,звук,тарелка,,,SAG,,,предмет_S,предмет_S,
1022,экспедиции,голландцев,экспедиция,голландец,,,SAG,,,группа_S,человек_S,
1023,толчок,ребенка,толчок,ребенок,,,SAG,,,действие_S,родственник_S,
1024,скачкой,старика,скачка,старик,,,SAG,,,действие_S,человек_S,
1025,марше,варваров,марш,варвар,,,SAG,,,действие_S,человек_S,
1026,поход,детей,поход,ребенок,,,SAG,,,действие_S,родственник_S,
1027,ходьбы,человека,ходьба,человек,,,SAG,,,человек_S,человек_S,
1028,высадки,союзников,высадка,союзник,,,SAG,,,действие_S,агент_S,
1029,потенциал,воли,потенциал,воля,,,PAR,,,свойство_S,действие_S,
1030,разум,человека,разум,человек,,,PAR,,,свойство_S,человек_S,
1031,высадка,астронавтов,высадка,астронавт,,,SAG,,,действие_S,агент_S,
1032,отбытие,матушки,отбытие,матушка,,,SAG,,,действие_S,родственник_S,
1033,снос,оси,снос,ось,,,SAG,,,действие_S,предмет_S,
1034,ухода,учителя,уход,учитель,,,SAG,,,родственник_S,родственник_S,
1035,побега,режиссера,побег,режиссер,,,SAG,,,действие_S,деятель_S,
1036,мычания,коров,мычание,корова,,,SAG,,,предмет_S,человек_S,
1037,рычание,шерифа,рычание,шериф,,,SAG,,,группа_S,агент_S,
1038,верещание,птиц,верещание,птица,,,SAG,,,учреждение_S,человек_S,
1039,пищание,комара,пищание,комар,,,SAG,,,учреждение_S,предмет_S,
1040,шипение,григория,шипение,григорий,Ncnsnn,Npmsgy,SAG,,,учреждение_S,деятель_S,
1041,ворчание,лейтенанта,ворчание,лейтенант,,,SAG,,,родственник_S,агент_S,
1042,вой,собаки,вой,собака,,,SAG,,,группа_S,человек_S,
1043,щебетание,птиц,щебетание,птица,,,SAG,,,свойство_S,человек_S,
1044,забастовками,служащий,забастовка,служащий,,,SAG,,,организация_S,учреждение_S,
1045,митингах,медиков,митинг,медик,,,SAG,,,организация_S,родственник_S,
1046,восстание,декабристов,восстание,декабрист,,,SAG,,,организация_S,родственник_S,
1047,собраниям,граждан,собрание,гражданин,,,SAG,,,организация_S,человек_S,
1048,встречи,штирлица,встреча,штирлиц,Ncfsgn,Npmsgy,SAG,,,действие_S,агент_S,
1049,встреча,участников,встреча,участник,,,SAG,,,действие_S,организация_S,
1050,гонки,пилотов,гонка,пилот,,,SAG,,,действие_S,агент_S,
1051,перемещениями,игроков,перемещение,игрок,,,SAG,,,действие_S,человек_S,
1052,капризы,екатерины,каприз,екатерина,,,,,,свойство_S,родственник_S,
1053,игра,актеров,игра,актер,,,,,,действие_S,человек_S,
1054,,,,,,,,,,родственник_S,родственник_S,
1055,,,,,,,,,,родственник_S,родственник_S,
1056,,,,,,,,,,родственник_S,родственник_S,
1057,,,,,,,,,,родственник_S,родственник_S,
1058,,,,,,,,,,родственник_S,родственник_S,
1059,,,,,,,,,,родственник_S,родственник_S,
1060,,,,,,,,,,родственник_S,родственник_S,
1061,,,,,,,,,,родственник_S,родственник_S,
1062,,,,,,,,,,родственник_S,родственник_S,
1063,,,,,,,,,,родственник_S,родственник_S,
1064,,,,,,,,,,родственник_S,родственник_S,
1065,,,,,,,,,,родственник_S,родственник_S,
1066,,,,,,,,,,родственник_S,родственник_S,
1067,,,,,,,,,,родственник_S,родственник_S,
1068,,,,,,,,,,родственник_S,родственник_S,
1069,,,,,,,,,,родственник_S,родственник_S,
1070,,,,,,,,,,родственник_S,родственник_S,
1071,,,,,,,,,,родственник_S,родственник_S,
1072,,,,,,,,,,родственник_S,родственник_S,
1073,,,,,,,,,,родственник_S,родственник_S,
1074,,,,,,,,,,родственник_S,родственник_S,
1075,,,,,,,,,,родственник_S,родственник_S,
1076,,,,,,,,,,родственник_S,родственник_S,
1077,,,,,,,,,,родственник_S,родственник_S,
1078,,,,,,,,,,родственник_S,родственник_S,
1079,,,,,,,,,,родственник_S,родственник_S,
1080,,,,,,,,,,родственник_S,родственник_S,
1081,,,,,,,,,,родственник_S,родственник_S,
1082,,,,,,,,,,родственник_S,родственник_S,
1083,,,,,,,,,,родственник_S,родственник_S,
1084,,,,,,,,,,родственник_S,родственник_S,
1085,,,,,,,,,,родственник_S,родственник_S,
1086,,,,,,,,,,родственник_S,родственник_S,
1087,,,,,,,,,,родственник_S,родственник_S,
1088,,,,,,,,,,родственник_S,родственник_S,
1089,,,,,,,,,,родственник_S,родственник_S,
1090,,,,,,,,,,родственник_S,родственник_S,
1091,,,,,,,,,,родственник_S,родственник_S,
1092,,,,,,,,,,родственник_S,родственник_S,
1093,,,,,,,,,,родственник_S,родственник_S,
1094,,,,,,,,,,родственник_S,родственник_S,
1095,,,,,,,,,,родственник_S,родственник_S,
1096,,,,,,,,,,родственник_S,родственник_S,
1097,,,,,,,,,,родственник_S,родственник_S,
1098,,,,,,,,,,родственник_S,родственник_S,
1099,,,,,,,,,,родственник_S,родственник_S,
1100,,,,,,,,,,родственник_S,родственник_S,
1101,,,,,,,,,,родственник_S,родственник_S,
1102,,,,,,,,,,родственник_S,родственник_S,
1103,,,,,,,,,,родственник_S,родственник_S,
1104,,,,,,,,,,родственник_S,родственник_S,
1105,,,,,,,,,,родственник_S,родственник_S,
1106,,,,,,,,,,родственник_S,родственник_S,
1107,,,,,,,,,,родственник_S,родственник_S,
1108,,,,,,,,,,родственник_S,родственник_S,
1109,,,,,,,,,,родственник_S,родственник_S,
1110,,,,,,,,,,родственник_S,родственник_S,
1111,,,,,,,,,,родственник_S,родственник_S,
1112,,,,,,,,,,родственник_S,родственник_S,
1113,,,,,,,,,,родственник_S,родственник_S,
1114,,,,,,,,,,родственник_S,родственник_S,
1115,,,,,,,,,,родственник_S,родственник_S,
1116,,,,,,,,,,родственник_S,родственник_S,
1117,,,,,,,,,,родственник_S,родственник_S,
1118,,,,,,,,,,родственник_S,родственник_S,
1119,,,,,,,,,,родственник_S,родственник_S,
1120,,,,,,,,,,родственник_S,родственник_S,
1121,,,,,,,,,,родственник_S,родственник_S,
1122,,,,,,,,,,родственник_S,родственник_S,
1123,,,,,,,,,,родственник_S,родственник_S,
1124,,,,,,,,,,родственник_S,родственник_S,
1125,,,,,,,,,,родственник_S,родственник_S,
1126,,,,,,,,,,родственник_S,родственник_S,
1127,,,,,,,,,,родственник_S,родственник_S,
1128,,,,,,,,,,родственник_S,родственник_S,
1129,,,,,,,,,,родственник_S,родственник_S,
1130,,,,,,,,,,родственник_S,родственник_S,
1131,,,,,,,,,,родственник_S,родственник_S,
1132,,,,,,,,,,родственник_S,родственник_S,
1133,,,,,,,,,,родственник_S,родственник_S,
1134,,,,,,,,,,родственник_S,родственник_S,
1135,,,,,,,,,,родственник_S,родственник_S,
1136,,,,,,,,,,родственник_S,родственник_S,
1137,,,,,,,,,,родственник_S,родственник_S,
1138,,,,,,,,,,родственник_S,родственник_S,
1139,,,,,,,,,,родственник_S,родственник_S,
1140,,,,,,,,,,родственник_S,родственник_S,
1141,,,,,,,,,,родственник_S,родственник_S,
1142,,,,,,,,,,родственник_S,родственник_S,
1143,,,,,,,,,,родственник_S,родственник_S,
1144,,,,,,,,,,родственник_S,родственник_S,
1145,,,,,,,,,,родственник_S,родственник_S,
1146,,,,,,,,,,родственник_S,родственник_S,
1147,,,,,,,,,,родственник_S,родственник_S,
1148,,,,,,,,,,родственник_S,родственник_S,
1149,,,,,,,,,,родственник_S,родственник_S,
1150,,,,,,,,,,родственник_S,родственник_S,
1151,,,,,,,,,,родственник_S,родственник_S,
1152,,,,,,,,,,родственник_S,родственник_S,
1153,,,,,,,,,,родственник_S,родственник_S,
1154,,,,,,,,,,родственник_S,родственник_S,
1155,,,,,,,,,,родственник_S,родственник_S,
1156,,,,,,,,,,родственник_S,родственник_S,
1157,,,,,,,,,,родственник_S,родственник_S,
1158,,,,,,,,,,родственник_S,родственник_S,
1159,,,,,,,,,,родственник_S,родственник_S,
1160,,,,,,,,,,родственник_S,родственник_S,
1161,,,,,,,,,,родственник_S,родственник_S,
1162,,,,,,,,,,родственник_S,родственник_S,
1163,,,,,,,,,,родственник_S,родственник_S,
1164,,,,,,,,,,родственник_S,родственник_S,
1165,,,,,,,,,,родственник_S,родственник_S,
1166,,,,,,,,,,родственник_S,родственник_S,
1167,,,,,,,,,,родственник_S,родственник_S,
1168,,,,,,,,,,родственник_S,родственник_S,
1169,,,,,,,,,,родственник_S,родственник_S,
1170,,,,,,,,,,родственник_S,родственник_S,
1171,,,,,,,,,,родственник_S,родственник_S,
1172,,,,,,,,,,родственник_S,родственник_S,
1173,,,,,,,,,,родственник_S,родственник_S,
1174,,,,,,,,,,родственник_S,родственник_S,
1175,,,,,,,,,,родственник_S,родственник_S,
1176,,,,,,,,,,родственник_S,родственник_S,
1177,,,,,,,,,,родственник_S,родственник_S,
1178,,,,,,,,,,родственник_S,родственник_S,
1179,,,,,,,,,,родственник_S,родственник_S,
1180,,,,,,,,,,родственник_S,родственник_S,
1181,,,,,,,,,,родственник_S,родственник_S,
1182,,,,,,,,,,родственник_S,родственник_S,
1183,,,,,,,,,,родственник_S,родственник_S,
1184,,,,,,,,,,родственник_S,родственник_S,
1185,,,,,,,,,,родственник_S,родственник_S,
1186,,,,,,,,,,родственник_S,родственник_S,
1187,,,,,,,,,,родственник_S,родственник_S,
1188,,,,,,,,,,родственник_S,родственник_S,
1189,,,,,,,,,,родственник_S,родственник_S,
1190,,,,,,,,,,родственник_S,родственник_S,
1191,,,,,,,,,,родственник_S,родственник_S,
1192,,,,,,,,,,родственник_S,родственник_S,
1193,,,,,,,,,,родственник_S,родственник_S,
1194,,,,,,,,,,родственник_S,родственник_S,
1195,,,,,,,,,,родственник_S,родственник_S,
1196,,,,,,,,,,родственник_S,родственник_S,
1197,,,,,,,,,,родственник_S,родственник_S,
1198,,,,,,,,,,родственник_S,родственник_S,
1199,,,,,,,,,,родственник_S,родственник_S,
1200,,,,,,,,,,родственник_S,родственник_S,
1201,,,,,,,,,,родственник_S,родственник_S,
1202,,,,,,,,,,родственник_S,родственник_S,
1203,,,,,,,,,,родственник_S,родственник_S,
1204,,,,,,,,,,родственник_S,родственник_S,
1205,,,,,,,,,,родственник_S,родственник_S,
1206,,,,,,,,,,родственник_S,родственник_S,
1207,,,,,,,,,,родственник_S,родственник_S,
1208,,,,,,,,,,родственник_S,родственник_S,
1209,,,,,,,,,,родственник_S,родственник_S,
